"","Year","Electorate","ACT","Alliance","Conservative Party","Green Party","Jim Anderton's Progressive","Labour Party","Mana","Maori Party","National Party","New Zealand First Party","United Future"
"1",1996,"Albany",0.052721532,0.133860549,NA,NA,NA,0.079748559,NA,NA,0.510964341,0.173575505,NA
"2",1996,"Aoraki",0.016090422,0.091542681,NA,NA,NA,0.410229993,NA,NA,0.3213842,0.139238205,NA
"3",1996,"Auckland Central",0.055306159,0.265337882,NA,NA,NA,0.365685042,NA,NA,0.223319567,0.046836655,NA
"4",1996,"Banks Peninsula",0.014964489,0.189611343,NA,NA,NA,0.296564195,NA,NA,0.411300679,0.046701785,NA
"5",1996,"Bay of Plenty",0.010991366,0.079878758,NA,NA,NA,0.163921377,NA,NA,0.426275182,0.268507746,NA
"6",1996,"Christchurch Central",0.031750791,0.212460436,NA,NA,NA,0.322805264,NA,NA,0.301049475,0.102182242,0.007462935
"7",1996,"Christchurch East",0.017911106,0.229948376,NA,NA,NA,0.351737598,NA,NA,0.258625031,0.093490305,NA
"8",1996,"Clutha-Southland",0.065356767,0.074192211,NA,NA,NA,0.182482217,NA,NA,0.470925967,0.161876814,NA
"9",1996,"Coromandel",0.023332026,0.267800123,NA,NA,NA,0.119180998,NA,NA,0.33642373,0.222172427,0.012128172
"10",1996,"Dunedin North",0.034837855,0.135135949,NA,NA,NA,0.523170034,NA,NA,0.215832104,0.054921562,0.01665111
"11",1996,"Dunedin South",0.014318523,0.242507585,NA,NA,NA,0.3637472,NA,NA,0.166123224,0.050525958,0.143412062
"12",1996,"Epsom",0.031454566,0.049567292,NA,NA,NA,0.126900033,NA,NA,0.699461888,0.03722401,0.002163542
"13",1996,"Hamilton East",0.017804886,0.051874442,NA,NA,NA,0.359578597,NA,NA,0.43187629,0.089948557,NA
"14",1996,"Hamilton West",0.022119169,0.053024987,NA,NA,NA,0.369130793,NA,NA,0.387344784,0.117796015,NA
"15",1996,"Hunua",0.024067741,0.054779352,NA,NA,NA,0.16443576,NA,NA,0.389285133,0.106399609,0.223253542
"16",1996,"Hutt South",0.021942769,0.068170153,NA,NA,NA,0.449858848,NA,NA,0.371070191,0.065507507,0.007121776
"17",1996,"Ilam",0.023840706,0.139756782,NA,NA,NA,0.172952025,NA,NA,0.442629961,0.072350661,0.145583322
"18",1996,"Invercargill",0.013999111,0.048758809,NA,NA,NA,0.488318202,NA,NA,0.353882293,0.073074725,0.003523586
"19",1996,"Kaikoura",0.021675315,0.156412157,NA,NA,NA,0.235611564,NA,NA,0.410911787,0.158102298,NA
"20",1996,"Karapiro",0.048762964,0.101368237,NA,NA,NA,0.172622766,NA,NA,0.465231788,0.153005123,0.012745221
"21",1996,"Mahia",0.067134087,0.064046209,NA,NA,NA,0.391106913,NA,NA,0.35557816,0.10571439,NA
"22",1996,"Mana",0.025248134,0.089545751,NA,NA,NA,0.413243498,NA,NA,0.282040136,0.113308701,NA
"23",1996,"Mangere",0.017231936,0.134400674,NA,NA,NA,0.559384875,NA,NA,0.166842216,0.083084053,0.003960396
"24",1996,"Manukau East",0.032519825,0.034056679,NA,NA,NA,0.469324399,NA,NA,0.328456384,0.072570234,0.008975226
"25",1996,"Manurewa",0.021966279,0.05905169,NA,NA,NA,0.554698013,NA,NA,0.215388269,0.088656693,0.014960817
"26",1996,"Maungakiekie",0.030089489,0.099404446,NA,NA,NA,0.355243054,NA,NA,0.362352281,0.125689876,0.006236164
"27",1996,"Napier",0.039885775,0.088928206,NA,NA,NA,0.551137598,NA,NA,0.236210696,0.079678431,NA
"28",1996,"Nelson",0.007257691,0.091689799,NA,NA,NA,0.232969003,NA,NA,0.592210271,0.043661809,NA
"29",1996,"New Lynn",NA,0.116117228,NA,NA,NA,0.502891495,NA,NA,0.269676871,0.085470644,0.00418205
"30",1996,"New Plymouth",0.011622377,0.037958504,NA,NA,NA,0.616669639,NA,NA,0.273854111,0.05264253,NA
"31",1996,"North Shore",0.149742824,0.135418395,NA,NA,NA,0.120983353,NA,NA,0.433410763,0.115176152,NA
"32",1996,"Northcote",0.03675814,0.116762903,NA,NA,NA,0.274302042,NA,NA,0.410113697,0.08557057,0.058187987
"33",1996,"Northland",0.020237073,0.120769627,NA,NA,NA,0.09706236,NA,NA,0.447792476,0.244528432,NA
"34",1996,"Ohariu",0.05944099,0.122083359,NA,NA,NA,0.227851998,NA,NA,NA,0.044573047,0.489903343
"35",1996,"Otago",0.032331664,0.088313856,NA,NA,NA,0.184696717,NA,NA,0.379604897,0.07607123,0.00442404
"36",1996,"Otaki",0.008839684,0.094146928,NA,NA,NA,0.405738643,NA,NA,0.377474539,0.079299691,NA
"37",1996,"Owairaka",0.023566234,0.054466231,NA,NA,NA,0.512013256,NA,NA,0.328515757,0.070483906,NA
"38",1996,"Pakuranga",0.047007411,0.079753152,NA,NA,NA,0.138276198,NA,NA,0.566539699,0.11793191,NA
"39",1996,"Palmerston North",0.040869303,0.068216118,NA,NA,NA,0.552761847,NA,NA,0.219830969,0.053335346,NA
"40",1996,"Port Waikato",0.028107957,0.102153545,NA,NA,NA,0.170885191,NA,NA,0.438015662,0.193224724,0.025171305
"41",1996,"Rakaia",0.02135284,0.086803293,NA,NA,NA,0.296985133,NA,NA,0.445951549,0.109636913,0.008914292
"42",1996,"Rangitikei",0.017442219,0.141232666,NA,NA,NA,0.251525424,NA,NA,0.336671803,0.106317411,NA
"43",1996,"Rimutaka",0.011717752,0.075957854,NA,NA,NA,0.372445722,NA,NA,0.280555556,0.216347382,NA
"44",1996,"Rodney",0.04017962,0.200610918,NA,NA,NA,0.09876511,NA,NA,0.39461661,0.159726392,0.005769783
"45",1996,"Rongotai",0.022824414,0.081153474,NA,NA,NA,0.518692654,NA,NA,0.299281929,0.034963242,0.007864592
"46",1996,"Rotorua",0.012540139,0.210512084,NA,NA,NA,0.140239986,NA,NA,0.409802265,0.16998479,NA
"47",1996,"Tamaki",0.13124077,0.064913438,NA,NA,NA,0.214534829,NA,NA,0.466207937,0.089515192,NA
"48",1996,"Taranaki-King Country",0.032975068,0.093587775,NA,NA,NA,0.130693866,NA,NA,0.54595306,0.172223441,NA
"49",1996,"Taupo",0.019304074,0.052701521,NA,NA,NA,0.389368771,NA,NA,0.334324183,0.1875153,NA
"50",1996,"Tauranga",0.016170168,0.041279941,NA,NA,NA,0.098467121,NA,NA,0.288407436,0.499487287,NA
"51",1996,"Tukituki",0.113771126,0.059105178,NA,NA,NA,0.468148524,NA,NA,0.239020833,0.081142785,NA
"52",1996,"Waimakariri",0.011469924,0.067789823,NA,NA,NA,0.568490604,NA,NA,0.265123995,0.054003032,NA
"53",1996,"Waipareira",0.020152328,0.113149394,NA,NA,NA,0.356103488,NA,NA,0.359274516,0.145808019,NA
"54",1996,"Wairarapa",0.023099433,0.206649648,NA,NA,NA,0.140869186,NA,NA,0.451559679,0.140682398,NA
"55",1996,"Waitakere",0.02751609,0.09706806,NA,NA,NA,0.32658645,NA,NA,0.388178963,0.095295837,NA
"56",1996,"Wellington Central",0.347803832,0.033052211,NA,NA,NA,0.302466728,NA,NA,0.214351874,0.011699898,0.054428899
"57",1996,"West Coast-Tasman",0.017585071,0.099964112,NA,NA,NA,0.52986852,NA,NA,0.252846563,0.059476037,0.015464422
"58",1996,"Whanganui",0.013332084,0.09307481,NA,NA,NA,0.40505183,NA,NA,0.335924816,0.089109529,NA
"59",1996,"Whangarei",0.058059496,0.052642605,NA,NA,NA,0.103579338,NA,NA,0.388848985,0.377386724,0.001945292
"60",1996,"Wigram",0.014530039,0.506183307,NA,NA,NA,0.185440725,NA,NA,0.212688203,0.053413244,0.009940067
"61",1999,"Albany",0.070787637,0.11069732,NA,0.046478212,NA,0.256671163,NA,NA,0.401765292,0.022022169,NA
"62",1999,"Aoraki",0.019422355,0.060040796,NA,0.031365477,NA,0.514825435,NA,NA,0.303781003,0.02084134,NA
"63",1999,"Auckland Central",0.070496324,0.187775735,NA,0.093658088,NA,0.387408088,NA,NA,0.225490196,0.011642157,NA
"64",1999,"Banks Peninsula",0.018834105,0.039433907,NA,0.102784986,NA,0.414002515,NA,NA,0.375076915,0.013644025,NA
"65",1999,"Bay of Plenty",0.015156815,0.03899965,NA,0.052903113,NA,0.252973068,NA,NA,0.45998018,0.121983211,NA
"66",1999,"Christchurch Central",0.029143172,0.08243442,NA,0.050809022,NA,0.527978671,NA,NA,0.239795293,0.019643295,NA
"67",1999,"Christchurch East",0.020864615,0.066535285,NA,0.040540541,NA,0.567974224,NA,NA,0.218812563,0.016516517,NA
"68",1999,"Clutha-Southland",0.030988687,0.034399082,NA,0.028004591,NA,0.302279062,NA,NA,0.512182325,0.037088047,NA
"69",1999,"Coromandel",NA,0.035563998,NA,0.399824664,NA,0.113734658,NA,NA,0.392518995,0.036148451,NA
"70",1999,"Dunedin North",0.029301566,0.063022384,NA,0.042207064,NA,0.603836424,NA,NA,0.197297211,0.00717328,NA
"71",1999,"Dunedin South",0.01620266,0.135961452,NA,0.04012624,NA,0.509045311,NA,NA,0.210127367,0.028150361,NA
"72",1999,"East Coast",0.022431017,0.065918966,NA,NA,NA,0.497307535,NA,NA,0.354514057,0.031344004,NA
"73",1999,"Epsom",0.31146271,0.026667859,NA,0.04770418,NA,0.203063079,NA,NA,0.368314413,0.011441852,NA
"74",1999,"Hamilton East",0.02256795,0.041015865,NA,NA,NA,0.41929037,NA,NA,0.440566966,0.034220883,NA
"75",1999,"Hamilton West",0.036164315,0.052513861,NA,NA,NA,0.445659022,NA,NA,0.394342238,0.030147429,NA
"76",1999,"Hunua",0.054630693,0.059892843,NA,NA,NA,0.314995535,NA,NA,0.480673555,0.047168006,NA
"77",1999,"Hutt South",0.036722986,0.035430589,NA,0.033665364,NA,0.548606733,NA,NA,0.268534863,0.015193544,0.005610894
"78",1999,"Ilam",0.034947848,0.056048435,NA,0.043280182,NA,0.276345762,NA,NA,0.479918475,0.04325021,NA
"79",1999,"Invercargill",0.007973063,0.049776055,NA,0.021886217,NA,0.570820495,NA,NA,0.317016613,0.015501414,NA
"80",1999,"Kaikoura",0.038467533,0.063593005,NA,0.091679915,NA,0.33442439,NA,NA,0.38074753,0.040524954,NA
"81",1999,"Karapiro",0.075018853,0.102593528,NA,NA,NA,0.266139873,NA,NA,0.437161874,0.067444834,NA
"82",1999,"Mana",0.019443703,0.053028282,NA,0.032984258,NA,0.469517076,NA,NA,0.286919691,0.011806297,0.007904216
"83",1999,"Mangere",0.019776329,0.098406667,NA,NA,NA,0.686039984,NA,NA,0.122673691,0.024655641,NA
"84",1999,"Manukau East",0.050040739,0.0320478,NA,NA,NA,0.550787615,NA,NA,0.310225421,0.014564096,NA
"85",1999,"Manurewa",0.032795438,0.043528491,NA,NA,NA,0.671486602,NA,NA,0.184697947,0.026683561,NA
"86",1999,"Maungakiekie",0.027617213,0.074787697,NA,0.034396632,NA,0.444908299,NA,NA,0.355277243,0.026189966,NA
"87",1999,"Mt Albert",0.036012208,0.038623262,NA,0.034994914,NA,0.643675822,NA,NA,0.199186165,0.013665649,0.004204815
"88",1999,"Mt Roskill",0.028197445,0.037533512,NA,0.028071282,NA,0.58271566,NA,NA,0.27654944,0.018451348,0.004888819
"89",1999,"Napier",0.018916621,0.068075545,NA,0.035495233,NA,0.599471671,NA,NA,0.239266412,0.009260946,NA
"90",1999,"Nelson",0.013283389,0.072179801,NA,0.10131105,NA,0.317562311,NA,NA,0.447831725,0.00852903,NA
"91",1999,"New Plymouth",0.018422193,0.026936652,NA,NA,NA,0.684810205,NA,NA,0.21753669,0.01594526,NA
"92",1999,"North Shore",0.078496725,0.049764395,NA,0.054275371,NA,0.279192047,NA,NA,0.481697506,0.021692909,NA
"93",1999,"Northcote",0.068392458,0.205081496,NA,0.039117929,NA,0.32217961,NA,NA,0.313294982,0.019590924,0.005560882
"94",1999,"Northland",0.023401957,0.059241318,NA,0.087749157,NA,0.228553661,NA,NA,0.407063136,0.119824567,NA
"95",1999,"Ohariu",0.066952132,0.038055808,NA,0.040721416,NA,0.217870917,NA,NA,NA,0.012845962,0.573956443
"96",1999,"Otago",0.051246193,0.06125303,NA,0.058176394,NA,0.345826341,NA,NA,0.419385916,0.013611784,NA
"97",1999,"Otaki",0.021673724,0.049782706,NA,0.032566303,NA,0.518470025,NA,NA,0.31649766,0.021367283,NA
"98",1999,"Pakuranga",0.125113045,0.04789971,NA,0.038076527,NA,0.278760096,NA,NA,0.444475629,0.029126516,NA
"99",1999,"Palmerston North",0.023747114,0.040566685,NA,0.025525807,NA,0.63021906,NA,NA,0.219777819,0.014635212,NA
"100",1999,"Port Waikato",0.050943522,0.052177102,NA,0.056878042,NA,0.302060412,NA,NA,0.432586517,0.055177702,NA
"101",1999,"Rakaia",0.016251025,0.059536466,NA,0.031438899,NA,0.240424045,NA,NA,0.562467726,0.040156739,NA
"102",1999,"Rangitikei",0.030092073,0.071252125,NA,NA,NA,0.38490905,NA,NA,0.394180488,0.054826602,0.021141446
"103",1999,"Rimutaka",0.021228907,0.055489738,NA,0.027472703,NA,0.538119176,NA,NA,0.269988153,0.017130415,NA
"104",1999,"Rodney",0.051151964,0.04939119,NA,0.093679121,NA,0.210994389,NA,NA,0.417064582,0.035663125,NA
"105",1999,"Rongotai",0.038775573,0.033607535,NA,0.038836733,NA,0.604935629,NA,NA,0.209596037,0.008103728,0.003883673
"106",1999,"Rotorua",NA,0.023759657,NA,0.04223176,NA,0.496961373,NA,NA,0.326042918,0.036738197,NA
"107",1999,"Tamaki",0.07886416,0.034320798,NA,0.038372985,NA,0.315088258,NA,NA,0.465848043,0.020936301,NA
"108",1999,"Taranaki-King Country",0.08456567,0.110380838,NA,0.048417132,NA,0.218643882,NA,NA,0.456347902,0.040274583,NA
"109",1999,"Taupo",0.03158653,0.02319467,NA,0.035908518,NA,0.494183324,NA,NA,0.365316045,0.025859896,NA
"110",1999,"Tauranga",NA,0.013409905,NA,0.033480359,NA,0.281785619,NA,NA,0.300819988,0.302684941,NA
"111",1999,"Te Atatu",0.020946838,0.107509052,NA,0.02903455,NA,0.549186153,NA,NA,0.235761903,0.021149876,0.002774864
"112",1999,"Titirangi",0.02533152,0.049268956,NA,0.053587215,NA,0.507718463,NA,NA,0.31050663,0.0183271,NA
"113",1999,"Tukituki",0.046132426,0.030476485,NA,0.027444307,NA,0.547029703,NA,NA,0.279517327,0.017357673,NA
"114",1999,"Waimakariri",0.01582999,0.091293505,NA,0.02244389,NA,0.38875637,NA,NA,0.357828255,0.05586577,NA
"115",1999,"Wairarapa",0.020371793,0.075311108,NA,0.022276847,NA,0.462129359,NA,NA,0.36893532,0.024980796,NA
"116",1999,"Waitakere",0.045133661,0.064973736,NA,0.067851049,NA,0.309946803,NA,NA,0.445648901,0.026029643,NA
"117",1999,"Wellington Central",0.44269694,NA,NA,NA,NA,0.483732521,NA,NA,NA,0.008528312,0.008971342
"118",1999,"West Coast-Tasman",0.015227111,0.03887773,NA,0.054461219,NA,0.479815979,NA,NA,0.240782738,0.08818765,0.004049763
"119",1999,"Whanganui",0.011819565,0.059777857,NA,0.025873514,NA,0.41559535,NA,NA,0.313428969,0.021372365,NA
"120",1999,"Whangarei",0.063576319,0.094640649,NA,0.04364086,NA,0.264770637,NA,NA,0.323099195,0.173779292,0.001266701
"121",1999,"Wigram",0.018739049,0.503073679,NA,0.03507261,NA,0.177233986,NA,NA,0.209515042,0.017907522,NA
"122",2002,"Aoraki",0.018693701,0.006360378,NA,0.042843767,0.014399638,0.52678139,NA,NA,0.31843864,NA,0.037968553
"123",2002,"Auckland Central",0.039847517,0.01189235,NA,0.202398019,0.010849733,0.433272514,NA,NA,0.263684348,NA,0.025087971
"124",2002,"Banks Peninsula",0.023098654,0.006480917,NA,0.11696117,0.017891763,0.449592865,NA,NA,0.337229269,NA,0.035561956
"125",2002,"Bay of Plenty",0.012279889,NA,NA,0.036343175,0.008241758,0.214947703,NA,NA,0.429465113,0.2442076,0.040745399
"126",2002,"Christchurch Central",0.024919877,0.020766564,NA,0.058571522,0.024887174,0.56216888,NA,NA,0.223592125,NA,0.037935771
"127",2002,"Christchurch East",0.027171982,0.010177377,NA,0.050305321,0.026945818,0.639203903,NA,NA,0.158960938,NA,0.049497593
"128",2002,"Clevedon",0.062050185,0.007423977,NA,0.046262076,0.011022499,0.275562472,NA,NA,0.376937042,0.118491863,NA
"129",2002,"Clutha-Southland",0.013638712,0.004029619,NA,0.020836921,0.00578612,0.322059583,NA,NA,0.556535216,0.036473222,0.025555364
"130",2002,"Coromandel",0.022839031,NA,NA,0.228805024,0.010871497,0.259138575,NA,NA,0.435630073,NA,0.032969963
"131",2002,"Dunedin North",0.017608018,0.019842882,NA,0.068671272,0.010361642,0.595049438,NA,NA,0.234863876,NA,0.023601517
"132",2002,"Dunedin South",0.026661287,0.018653589,NA,0.062789038,0.02327819,0.63310469,NA,NA,0.176107266,NA,0.041528291
"133",2002,"East Coast",0.020307276,0.01379899,NA,0.049719041,NA,0.516359627,NA,NA,0.326339,NA,0.055942812
"134",2002,"East Coast Bays",0.064211612,0.010181068,NA,0.054384947,0.016367034,0.34151685,NA,NA,0.390940138,NA,0.092531735
"135",2002,"Epsom",0.222162775,0.009976711,NA,0.057625732,NA,0.250015736,NA,NA,0.426858438,NA,0.023006232
"136",2002,"Hamilton East",0.023980586,0.005651882,NA,0.053166012,0.005651882,0.409585848,NA,NA,0.389979883,0.0670243,0.035156624
"137",2002,"Hamilton West",0.043300681,0.005445791,NA,0.03994687,0.007770214,0.48527312,NA,NA,0.300182633,0.069433837,0.030948033
"138",2002,"Helensville",NA,0.020313265,NA,NA,0.009544787,0.282148102,NA,NA,0.341759318,0.095273058,0.041395707
"139",2002,"Hutt South",0.067271103,0.019225042,NA,0.057112604,0.018728699,0.490850733,NA,NA,0.233711657,NA,0.096290659
"140",2002,"Ilam",0.039465858,0.01305615,NA,0.042172258,0.012996669,0.353943612,NA,NA,0.469099453,NA,0.052343564
"141",2002,"Invercargill",0.010493144,0.006771933,NA,0.032284019,0.033725569,0.487713299,NA,NA,0.394113111,NA,0.027020685
"142",2002,"Kaikoura",0.01438397,NA,NA,0.072642191,0.011463208,0.379887566,NA,NA,0.47627273,NA,0.020225495
"143",2002,"Mana",0.027734497,0.014196184,NA,0.072227416,0.013815311,0.504691666,NA,NA,0.283923687,NA,0.057581109
"144",2002,"Mangere",0.019368753,0.014516196,NA,0.036249015,0.025258181,0.746339845,NA,NA,0.108664095,NA,0.031272034
"145",2002,"Manukau East",0.052975851,0.00897509,NA,NA,0.029473284,0.629131014,NA,NA,0.223844837,NA,0.033618559
"146",2002,"Manurewa",0.03902439,0.011290323,NA,0.04693155,0.012942565,0.62238395,NA,NA,0.128756884,0.073996853,0.039103068
"147",2002,"Maungakiekie",0.036660743,0.008576064,NA,0.043034845,0.014409333,0.551379124,NA,NA,0.296299158,NA,0.033493008
"148",2002,"Mt Albert",0.05527029,0.011909856,NA,0.054806732,0.010661817,0.695835116,NA,NA,0.124447297,NA,0.02588789
"149",2002,"Mt Roskill",0.051442738,0.011603884,NA,NA,0.007885132,0.643963914,NA,NA,0.171716824,0.04479719,0.043144412
"150",2002,"Napier",0.043563295,0.021639696,NA,0.056212738,NA,0.462414435,NA,NA,0.331282925,NA,0.049493707
"151",2002,"Nelson",NA,0.01090408,NA,0.122341382,0.006320772,0.345904979,NA,NA,0.472679887,NA,0.022826673
"152",2002,"New Lynn",0.052664975,0.016567964,NA,0.060384941,0.013959391,0.588233221,NA,NA,0.193950931,NA,0.051854202
"153",2002,"New Plymouth",NA,NA,NA,0.033502403,0.003436999,0.697577416,NA,NA,0.199379338,NA,0.048685264
"154",2002,"North Shore",0.088080784,0.008376138,NA,0.055831193,0.008638805,0.290975951,NA,NA,0.439761849,0.058749708,0.038787065
"155",2002,"Northcote",0.041107108,0.006059613,NA,0.04238454,0.082869309,0.407959384,NA,NA,0.322011137,0.050049132,0.037307566
"156",2002,"Northland",0.02164256,0.005970361,NA,0.088951278,0.011976261,0.195529337,NA,NA,0.464124525,0.155691389,0.028394755
"157",2002,"Ohariu",0.024642932,0.006647304,NA,0.030182352,0.00628799,0.204239902,NA,NA,0.132946073,NA,0.579543073
"158",2002,"Otago",0.041244342,0.014056225,NA,NA,0.013960604,0.44983107,NA,NA,0.428029579,NA,0.035538981
"159",2002,"Otaki",0.022248845,0.009954932,NA,0.047007816,0.014033887,0.530321182,NA,NA,0.309658281,NA,NA
"160",2002,"Pakuranga",0.075859257,0.004954842,NA,0.03261415,0.014989965,0.296475163,NA,NA,0.439350226,0.062750878,0.045816608
"161",2002,"Palmerston North",NA,0.014236525,NA,0.047543372,NA,0.563898821,NA,NA,0.311382598,NA,0.036054827
"162",2002,"Piako",0.046618252,0.006191225,NA,0.041464476,0.010474884,0.340149259,NA,NA,0.394397778,0.110505003,0.034503531
"163",2002,"Port Waikato",0.049970529,NA,NA,0.059335909,0.006974916,0.261313773,NA,NA,0.456873404,0.11480778,0.032942563
"164",2002,"Rakaia",0.02840963,NA,NA,0.049954127,0.017811383,0.309848461,NA,NA,0.502072195,NA,0.057958176
"165",2002,"Rangitikei",0.019889353,0.013372705,NA,NA,0.012659946,0.354478498,NA,NA,0.534874249,NA,0.04150969
"166",2002,"Rimutaka",0.037130051,0.009854722,NA,0.040277204,0.013097244,0.594080809,NA,NA,0.193057189,NA,0.062211908
"167",2002,"Rodney",0.042699425,0.006561965,NA,0.096998912,0.00827243,0.253832996,NA,NA,0.395832685,0.123806562,0.057347224
"168",2002,"Rongotai",0.033386081,0.015886314,NA,0.106798225,0.010735673,0.561481895,NA,NA,0.204877595,NA,0.049675758
"169",2002,"Rotorua",NA,0.006255138,NA,0.038531651,0.006934267,0.513993638,NA,NA,0.237194839,0.092754763,0.053258033
"170",2002,"Tamaki",0.140869779,0.006771106,NA,0.0424733,0.01246499,0.315902865,NA,NA,0.353051614,0.066510726,0.048321074
"171",2002,"Taranaki-King Country",0.062719427,NA,NA,0.053430369,0.023222645,0.249451434,NA,NA,0.511849035,NA,0.046408719
"172",2002,"Taupo",0.039773791,0.008014681,NA,0.05089697,0.009774915,0.556196397,NA,NA,0.289240103,NA,0.032620501
"173",2002,"Tauranga",0.00921659,NA,NA,0.026728111,0.003963134,0.208387097,NA,NA,0.163195084,0.526728111,0.050599078
"174",2002,"Te Atatu",0.032727409,0.0244614,NA,NA,0.013652005,0.629151706,NA,NA,0.145459306,0.067736385,0.057600239
"175",2002,"Tukituki",0.051561504,0.006787763,NA,0.04318037,0.009560229,0.519056724,NA,NA,0.314786488,NA,NA
"176",2002,"Waimakariri",0.014145325,0.004645622,NA,0.028350208,0.017361525,0.523257892,NA,NA,0.209499702,0.167212627,0.023883264
"177",2002,"Wairarapa",0.020384201,0.005185741,NA,0.028081276,0.007273083,0.442647011,NA,NA,0.234826,0.050618049,0.020123284
"178",2002,"Waitakere",0.02413934,0.275671259,NA,0.042856612,0.008095963,0.36231292,NA,NA,0.196642775,0.04638467,0.029784231
"179",2002,"Wellington Central",0.077787572,0.013579771,NA,0.130453944,NA,0.410588365,NA,NA,0.295421992,0.015893565,0.025837373
"180",2002,"West Coast-Tasman",0.019051139,0.006988778,NA,0.079967744,0.009878368,0.538270278,NA,NA,0.278811908,NA,0.037127881
"181",2002,"Whanganui",NA,0.009053336,NA,0.044676245,0.018500295,0.463655448,NA,NA,0.395755429,NA,0.023912616
"182",2002,"Whangarei",0.040561671,0.007474356,NA,0.036902677,0.004878659,0.331967726,NA,NA,0.43248061,0.11802602,0.008381286
"183",2002,"Wigram",0.021810424,0.018499061,NA,0.0535231,0.35679944,0.255675486,NA,NA,0.208870634,NA,0.043811889
"184",2005,"Aoraki",NA,NA,NA,0.060757175,0.009566456,0.33706493,NA,NA,0.543659678,0.035823326,0.010177081
"185",2005,"Auckland Central",NA,NA,NA,0.150369676,0.007497657,0.445798188,NA,0.009267937,0.336144955,0.028116214,0.013016766
"186",2005,"Banks Peninsula",NA,0.002972225,NA,0.113866967,0.022547914,0.442041611,NA,NA,0.393871067,NA,0.024700215
"187",2005,"Bay of Plenty",NA,NA,NA,0.033096927,0.006064344,0.206393257,NA,0.008839552,0.587521842,0.137526981,0.019837599
"188",2005,"Christchurch Central",NA,NA,NA,0.067138545,0.032372229,0.531071094,NA,0.005620901,0.295721869,0.030706776,0.022899969
"189",2005,"Christchurch East",NA,0.004860393,NA,0.049431231,0.026990693,0.610134436,NA,NA,0.261737332,NA,0.035056877
"190",2005,"Clevedon",NA,NA,NA,0.039191291,0.012337999,0.246448937,NA,0.008605495,0.600518403,0.055261794,0.024261275
"191",2005,"Clutha-Southland",NA,NA,NA,0.027257766,NA,0.23575396,NA,NA,0.675478297,0.033737914,0.023657684
"192",2005,"Coromandel",NA,NA,NA,0.1549511,0.007844336,0.236858191,NA,NA,0.53198859,0.050020375,0.010696822
"193",2005,"Dunedin North",NA,0.008376749,NA,0.074982123,0.010317704,0.554193482,NA,NA,0.316273368,NA,0.020328941
"194",2005,"Dunedin South",NA,0.005426436,NA,0.062967134,0.01924849,0.573768813,NA,NA,0.269069315,0.032763387,0.0227296
"195",2005,"East Coast",NA,NA,NA,0.036730471,NA,0.414174858,NA,0.019555096,0.454733575,0.035385411,0.03942059
"196",2005,"East Coast Bays",NA,NA,NA,0.035658915,0.007028424,0.275245478,NA,0.003307494,0.477209302,0.026149871,0.01126615
"197",2005,"Epsom",NA,NA,NA,0.073626178,0.007291481,0.298950738,NA,NA,0.591677041,NA,0.016539214
"198",2005,"Hamilton East",NA,NA,NA,0.036587894,0.006633499,0.373237977,NA,0.008499171,0.518656716,0.038764511,0.015029022
"199",2005,"Hamilton West",NA,NA,NA,NA,0.006505576,0.46385791,NA,0.011462206,0.438971499,0.055658819,0.015695993
"200",2005,"Helensville",NA,NA,NA,NA,0.009382411,0.271883699,NA,0.010619652,0.648211156,0.041241365,0.01690896
"201",2005,"Hutt South",NA,NA,NA,0.054311774,NA,0.509328358,NA,0.010157546,0.328047264,0.022077114,0.060116086
"202",2005,"Ilam",NA,0.002410144,NA,0.058262601,0.019700304,0.320758671,NA,NA,0.545006811,NA,0.049145971
"203",2005,"Invercargill",NA,NA,NA,0.029155118,0.007391438,0.434760292,NA,0.005235602,0.500769941,NA,0.014577559
"204",2005,"Kaikoura",NA,0.001841998,NA,0.056590258,0.012586983,0.383749488,NA,0.00511666,0.520978305,NA,0.014121981
"205",2005,"Mana",NA,0.003206454,NA,0.053165081,0.009309061,0.539098055,NA,0.012929251,0.32250724,NA,0.038787753
"206",2005,"Mangere",NA,NA,NA,0.027824444,0.012389752,0.711675766,NA,0.018899622,0.130932381,0.030134397,0.020789584
"207",2005,"Manukau East",NA,0.002038845,NA,0.020924992,0.013198841,0.607897843,NA,0.009764996,0.288228351,NA,0.010838073
"208",2005,"Manurewa",NA,0.003717077,NA,NA,0.020815633,0.608432455,NA,0.028037383,0.208262532,0.063827528,0.032179269
"209",2005,"Maungakiekie",NA,NA,NA,0.031058525,0.019437989,0.544791887,NA,0.009085147,0.322628354,0.032960068,0.021339531
"210",2005,"Mt Albert",NA,NA,NA,0.048376897,0.007588533,0.681703204,NA,NA,0.200990725,0.024346543,0.017284992
"211",2005,"Mt Roskill",NA,NA,NA,NA,0.008400611,0.636264456,NA,NA,0.313004582,NA,0.028147502
"212",2005,"Napier",NA,NA,NA,0.039718195,NA,0.409944864,NA,NA,0.512456606,0.024402696,0.013477639
"213",2005,"Nelson",NA,NA,NA,0.117599186,0.006917599,0.277619532,NA,0.004577823,0.559409969,NA,0.015666328
"214",2005,"New Lynn",NA,NA,NA,0.052116235,0.008949252,0.573594441,NA,NA,0.31743525,NA,0.029901032
"215",2005,"New Plymouth",NA,NA,NA,0.035684988,NA,0.536915505,NA,0.009536505,0.370180476,NA,0.016509434
"216",2005,"North Shore",NA,NA,NA,NA,0.015059611,0.340409956,NA,0.007320644,0.609391341,NA,0.023948965
"217",2005,"Northcote",NA,NA,NA,NA,0.018174308,0.429264767,NA,0.006712102,0.5,0.024679884,0.011565469
"218",2005,"Northland",NA,NA,NA,0.090927729,NA,0.240082009,NA,0.01804203,0.54515633,0.083751922,0.010353665
"219",2005,"Ohariu",NA,NA,NA,0.052255054,0.006739243,0.254328668,NA,NA,0.203836185,0.012026957,0.468532919
"220",2005,"Otago",NA,NA,NA,0.045,0.007604167,0.433645833,NA,NA,0.49,NA,0.0175
"221",2005,"Otaki",NA,0.002541425,NA,0.026735793,0.007929247,0.459489682,NA,0.009250788,0.449527295,0.027345735,0.01596015
"222",2005,"Pakuranga",NA,NA,NA,NA,0.01632782,0.279679764,NA,NA,0.559464869,0.040872222,0.02433372
"223",2005,"Palmerston North",NA,NA,NA,NA,0.008136954,0.55859664,NA,NA,0.380640389,0.027581105,0.020289549
"224",2005,"Piako",NA,NA,NA,0.030772408,0.008157786,0.307311029,NA,0.007125155,0.557517555,0.066501446,0.015282941
"225",2005,"Port Waikato",NA,NA,NA,NA,0.007962771,0.260599793,NA,0.0114788,0.646432265,0.048707342,0.0114788
"226",2005,"Rakaia",NA,NA,NA,0.046496949,0.022722491,0.299600252,NA,NA,0.597727751,NA,0.033452556
"227",2005,"Rangitikei",NA,NA,NA,NA,NA,0.301010513,NA,0.011738287,0.608349495,0.042461978,0.022864142
"228",2005,"Rimutaka",NA,NA,NA,0.036796537,NA,0.553494125,NA,NA,0.308286951,0.032467532,0.052669553
"229",2005,"Rodney",NA,NA,NA,0.052274828,0.009037691,0.248331108,NA,0.004518846,0.562493581,0.095203862,0.027113074
"230",2005,"Rongotai",NA,0.003521491,NA,0.08213361,0.009321595,0.60093216,NA,0.013982393,0.245675816,NA,0.044432936
"231",2005,"Rotorua",NA,NA,NA,0.037595538,NA,0.4077,NA,NA,0.390828341,0.068271018,0.070439992
"232",2005,"Tamaki",NA,NA,NA,NA,0.027230345,0.32824751,NA,NA,0.600974783,0.027866073,0.014409833
"233",2005,"Taranaki-King Country",NA,NA,NA,NA,0.016791823,0.25563204,NA,NA,0.688360451,NA,0.018773467
"234",2005,"Taupo",NA,NA,NA,0.026067323,0.005849754,0.459256979,NA,0.017446634,0.414614122,0.046490148,0.020833333
"235",2005,"Tauranga",NA,NA,NA,0.023646927,0.004586688,0.111609418,NA,NA,0.416879013,0.396595658,0.036693507
"236",2005,"Te Atatu",NA,0.003453689,NA,0.028362114,0.007535322,0.60418629,NA,0.00837258,0.255259027,0.033908948,0.029931973
"237",2005,"Tukituki",NA,NA,NA,0.033931518,NA,0.429971122,NA,0.015676568,0.499587459,NA,0.019389439
"238",2005,"Waimakariri",NA,NA,NA,0.021326531,0.011734694,0.488571429,NA,NA,0.345,0.108673469,0.016632653
"239",2005,"Wairarapa",NA,NA,NA,0.035948382,NA,0.344633347,NA,0.009217534,0.431380582,0.167349447,0.011470709
"240",2005,"Waitakere",NA,0.001978342,NA,0.055185339,0.009475219,0.494689713,NA,0.008746356,0.335172845,0.043731778,0.033423574
"241",2005,"Wellington Central",NA,0.001998738,NA,0.094782243,0.004418262,0.512518409,NA,NA,0.355670103,NA,0.015043131
"242",2005,"West Coast-Tasman",NA,NA,NA,0.048337438,0.011288998,0.480706076,NA,NA,0.412561576,NA,0.020833333
"243",2005,"Whanganui",NA,NA,NA,0.036585366,0.011580242,0.420475507,NA,0.013424882,0.495593359,NA,0.015679443
"244",2005,"Whangarei",NA,NA,NA,0.036365542,0.009117585,0.288094739,NA,0.011318382,0.555019912,0.08761266,0.004925592
"245",2005,"Wigram",NA,0.001872464,NA,0.043690835,0.479038802,0.192343701,NA,NA,0.222511183,0.027358785,0.029647353
"246",2008,"Auckland Central",0.017031379,0.001135425,NA,0.134289843,0.008051197,0.385322048,NA,NA,0.429087531,NA,0.003715937
"247",2008,"Bay of Plenty",0.009586945,NA,NA,NA,NA,0.160734319,NA,NA,0.648750637,0.113309536,0.00499745
"248",2008,"Botany",0.152519758,NA,NA,0.039618187,0.009853228,0.21051011,NA,NA,0.56224982,NA,0.013856102
"249",2008,"Christchurch Central",0.01496388,0.003199174,NA,0.084313725,0.018575851,0.438390093,NA,NA,0.409287926,NA,NA
"250",2008,"Christchurch East",NA,0.003467972,NA,0.054263566,0.016931865,0.529273766,NA,NA,0.359445124,NA,0.006017952
"251",2008,"Clutha-Southland",0.017709924,0.004478372,NA,0.069109415,NA,0.214554707,NA,NA,0.678676845,NA,NA
"252",2008,"Coromandel",0.017368206,NA,NA,0.11687781,NA,0.225275848,NA,NA,0.630465877,NA,NA
"253",2008,"Dunedin North",0.017597396,0.013732072,NA,0.110975486,NA,0.526192656,NA,NA,0.306377785,NA,0.007018615
"254",2008,"Dunedin South",0.014374554,0.005403201,NA,0.068406565,0.013558976,0.522887144,NA,NA,0.347232134,NA,0.007238251
"255",2008,"East Coast",NA,NA,NA,0.053671453,NA,0.320195539,NA,NA,0.524595173,0.068438741,0.033099094
"256",2008,"East Coast Bays",0.035922033,NA,NA,0.065210736,NA,0.01781,NA,NA,0.5808756,0.021022553,0.006225125
"257",2008,"Epsom",0.560519321,NA,NA,0.074013494,NA,0.135759558,NA,NA,0.218360254,NA,0.0042936
"258",2008,"Hamilton East",0.012680233,NA,NA,0.043153697,NA,0.319971367,NA,NA,0.585744964,0.025053686,0.005112997
"259",2008,"Hamilton West",0.016415307,NA,NA,0.041961629,NA,0.439006874,NA,NA,0.487945009,NA,0.006566123
"260",2008,"Helensville",0.022337821,NA,NA,0.059567523,NA,0.171154631,NA,NA,0.736026112,NA,0.008465932
"261",2008,"Hunua",0.090202495,NA,NA,NA,NA,0.178155042,NA,NA,0.644098998,0.029249335,0.005727143
"262",2008,"Hutt South",0.019344933,NA,NA,0.07778915,NA,0.492732856,NA,NA,0.372159672,NA,0.02395087
"263",2008,"Ilam",0.021381074,NA,NA,0.122455243,0.022813299,0.241227621,NA,NA,0.568900256,NA,0.012378517
"264",2008,"Invercargill",0.011973617,NA,NA,0.049518011,NA,0.367630644,NA,NA,0.55971588,NA,0.007407407
"265",2008,"Kaikoura",0.012591389,NA,NA,0.080016247,NA,0.263606824,NA,NA,0.577680747,0.027213647,0.003757108
"266",2008,"Mana",0.018473158,NA,NA,0.067156563,NA,0.530618494,NA,NA,0.34986732,NA,0.013880384
"267",2008,"Mangere",0.010188005,NA,NA,0.0223716,0.006196828,0.524104611,NA,NA,0.139481147,NA,0.018380422
"268",2008,"Manukau East",0.026529108,NA,NA,0.024002527,0.012738183,0.660806401,NA,NA,0.184229919,NA,0.004316244
"269",2008,"Manurewa",0.035108065,NA,NA,0.038481813,0.010542963,0.539588824,NA,NA,0.270954138,0.02825514,0.007380074
"270",2008,"Maungakiekie",0.028521054,NA,NA,0.048226509,0.022194565,0.398361336,NA,NA,0.455507156,0.018564613,0.012134412
"271",2008,"Mt Albert",0.040924161,NA,NA,0.059365935,NA,0.592934107,NA,NA,0.28843763,NA,NA
"272",2008,"Mt Roskill",0.021473338,NA,NA,0.032569609,0.004623446,0.557998562,NA,NA,0.365663208,NA,0.006370081
"273",2008,"Napier",0.012222449,NA,NA,0.051436138,NA,0.339376655,NA,NA,0.596964759,NA,NA
"274",2008,"Nelson",0.008517542,NA,NA,0.072703306,NA,0.334921923,NA,NA,0.571283715,NA,0.003853174
"275",2008,"New Lynn",0.029396649,NA,NA,0.063932573,0.007092199,0.503443314,NA,NA,0.386576215,NA,0.00955905
"276",2008,"New Plymouth",0.013208697,NA,NA,NA,NA,0.478764479,NA,NA,0.481914245,NA,NA
"277",2008,"North Shore",0.039653415,NA,NA,0.061977574,NA,0.240163099,NA,NA,0.618552497,0.015902141,0.006727829
"278",2008,"Northcote",0.019066069,NA,NA,0.058829527,0.005709625,0.309645188,NA,NA,0.578711256,NA,0.004078303
"279",2008,"Northland",NA,NA,NA,0.068683565,NA,0.29241619,NA,NA,0.591373671,NA,0.004803761
"280",2008,"Ohariu",0.012888167,0.002942967,NA,0.070631216,NA,0.299472296,NA,NA,0.265374467,NA,0.326161965
"281",2008,"Otaki",0.005364372,NA,NA,0.026518219,0.005668016,0.451821862,NA,NA,0.486740891,0.020040486,0.003846154
"282",2008,"Pakuranga",0.063314332,NA,NA,0.04254886,0.010179153,0.216205212,NA,NA,0.615838762,0.032980456,0.011706026
"283",2008,"Palmerston North",0.012353241,NA,NA,0.044206228,0.007656968,0.46819806,NA,NA,0.435426238,0.019295559,0.007554875
"284",2008,"Papakura",0.03357438,NA,NA,0.040702479,NA,0.270867769,NA,NA,0.596797521,0.047727273,0.007128099
"285",2008,"Port Hills",0.013888889,0.004289216,NA,0.096098856,0.031760621,0.467218137,NA,NA,0.371425654,NA,0.005923203
"286",2008,"Rangitata",0.01739042,NA,NA,NA,NA,0.362961456,NA,NA,0.578663684,NA,0.006101902
"287",2008,"Rangitikei",0.016145514,NA,NA,NA,NA,0.294093603,NA,NA,0.657061108,NA,0.008992438
"288",2008,"Rimutaka",0.012953896,NA,NA,0.050183599,0.007751938,0.392696858,NA,NA,0.371175031,0.150346797,0.014891881
"289",2008,"Rodney",0.046811535,NA,NA,0.076969943,NA,0.187956946,NA,NA,0.604183591,0.04254671,0.006498781
"290",2008,"Rongotai",0.011357823,NA,NA,0.15839558,NA,0.524506293,NA,NA,0.283331628,NA,0.005934718
"291",2008,"Rotorua",NA,NA,NA,0.050746879,NA,0.3848,NA,NA,0.539083282,NA,0.007366483
"292",2008,"Selwyn",0.01489948,NA,NA,NA,0.036432289,0.298091642,NA,NA,0.60495969,NA,0.007041535
"293",2008,"Tamaki",0.044501279,NA,NA,0.058618926,0.007672634,0.207365729,NA,NA,0.657493606,0.016879795,0.007468031
"294",2008,"Taranaki-King Country",0.024093925,NA,NA,0.084124553,NA,0.195507912,NA,NA,0.686778969,NA,NA
"295",2008,"Taupo",NA,NA,NA,NA,NA,0.394379152,NA,NA,0.579049566,NA,0.010832908
"296",2008,"Tauranga",0.005805663,NA,NA,0.039417397,NA,0.07710328,NA,NA,0.568140151,0.251273172,0.002037075
"297",2008,"Te Atatu",0.02891791,0.003005804,NA,0.032545605,0.00787728,0.534618574,NA,NA,0.362458541,NA,0.008084577
"298",2008,"Tukituki",0.014857027,0.002951053,NA,0.050981988,0.007632034,0.349648926,NA,NA,0.571893762,NA,NA
"299",2008,"Waikato",0.034282216,NA,NA,0.046831956,NA,0.22926232,NA,NA,0.634323028,0.042648709,NA
"300",2008,"Waimakariri",0.04622871,NA,NA,0.033759124,NA,0.440896188,NA,NA,0.430454177,0.031224655,0.003041363
"301",2008,"Wairarapa",0.019886364,0.002739448,NA,0.05174513,NA,0.324066558,NA,NA,0.510247565,0.072849026,0.005986201
"302",2008,"Waitakere",0.015825403,0.00258585,NA,0.054923459,NA,0.428216798,NA,NA,0.449007034,0.019549028,NA
"303",2008,"Waitaki",0.013103098,0.002336211,NA,0.048755714,0.008430675,0.320670391,NA,NA,0.601320467,NA,NA
"304",2008,"Wellington Central",0.022783,0.000919493,NA,0.147731917,0.003473641,0.421843073,NA,NA,0.374744585,NA,0.005619125
"305",2008,"West Coast-Tasman",NA,NA,NA,0.061698228,NA,0.436570963,NA,NA,0.465078395,NA,0.007432295
"306",2008,"Whanganui",0.009961374,NA,NA,0.044317951,NA,0.376092702,NA,NA,0.563020939,NA,NA
"307",2008,"Whangarei",0.008478905,NA,NA,0.076003678,0.017672898,0.233527429,NA,NA,0.641536418,NA,0.002962509
"308",2008,"Wigram",0.010279605,0.001644737,NA,0.052323191,0.445004112,0.151418586,NA,NA,0.306537829,0.013671875,0.006373355
"309",2011,"Auckland Central",0.004461044,NA,0.007158419,0.087664696,NA,0.432306256,NA,NA,0.453885258,0.012449424,NA
"310",2011,"Bay of Plenty",NA,NA,0.037198218,NA,NA,0.16930888,0.007149518,NA,0.674852347,0.105377681,0.006113356
"311",2011,"Botany",0.022767998,NA,0.076841994,NA,NA,0.253504796,NA,NA,0.640244545,NA,0.006640666
"312",2011,"Christchurch Central",0.004068858,NA,0.016171101,0.085654669,NA,0.443609807,NA,NA,0.445383412,NA,NA
"313",2011,"Christchurch East",NA,NA,0.018618122,0.048096814,NA,0.555337195,NA,NA,0.365018618,NA,0.003827058
"314",2011,"Clutha-Southland",0.025585474,NA,0.02537914,0.084803466,NA,0.167646755,NA,NA,0.688228619,NA,NA
"315",2011,"Coromandel",NA,NA,0.025309917,0.167768595,NA,0.172830579,NA,NA,0.550516529,0.062809917,0.005785124
"316",2011,"Dunedin North",0.005450432,0.007198684,NA,0.195084327,NA,0.442513369,NA,NA,0.323529412,NA,0.005964624
"317",2011,"Dunedin South",0.006194508,0.004129672,NA,0.092814371,NA,0.488953128,NA,NA,0.367747264,0.028391493,NA
"318",2011,"East Coast",0.004856877,NA,0.046605353,0.08453033,NA,0.318177121,0.008783714,NA,0.482690917,0.040818435,0.013537253
"319",2011,"East Coast Bays",0.014429565,NA,0.049724904,0.087200249,NA,0.198795806,NA,NA,0.649849476,NA,NA
"320",2011,"Epsom",0.440880115,NA,0.009561999,0.060148057,NA,0.104462266,0.001850709,NA,0.377955994,NA,NA
"321",2011,"Hamilton East",0.007147296,NA,0.023202817,0.052413507,NA,0.315724052,NA,NA,0.571058629,0.02454941,NA
"322",2011,"Hamilton West",NA,NA,0.023881217,NA,NA,0.390717475,NA,NA,0.532654968,0.041532551,NA
"323",2011,"Helensville",0.00514827,NA,0.02687397,0.073620264,NA,0.141371499,NA,NA,0.743822076,NA,NA
"324",2011,"Hunua",0.012839097,NA,0.039966867,0.07486022,NA,0.16763305,NA,0.00559122,0.655932905,0.040795196,NA
"325",2011,"Hutt South",0.005383023,NA,0.031677019,0.115217391,NA,0.49378882,NA,NA,0.343271222,NA,0.010662526
"326",2011,"Ilam",0.007550683,NA,0.023065784,0.15349607,NA,0.203454696,NA,NA,0.604054613,NA,0.008378155
"327",2011,"Invercargill",0.008673206,NA,NA,0.076923077,NA,0.347960764,NA,NA,0.545792463,NA,NA
"328",2011,"Kaikoura",0.013812442,NA,NA,0.114238239,NA,0.257036037,NA,NA,0.602450929,NA,NA
"329",2011,"Mana",0.005388601,NA,NA,0.078963731,NA,0.48611399,NA,NA,0.419689119,NA,NA
"330",2011,"Mangere",0.005009593,NA,0.024408442,0.043061181,NA,0.759006608,0.017586868,NA,0.125985931,0.024941377,NA
"331",2011,"Manukau East",0.009832842,NA,0.016934338,NA,NA,0.771113296,0.018354638,NA,0.14159292,0.039659128,NA
"332",2011,"Manurewa",0.008038236,NA,0.026938953,NA,NA,0.632630893,0.016402346,NA,0.26852053,0.047469042,NA
"333",2011,"Maungakiekie",NA,NA,0.013661202,0.056326187,NA,0.405632619,0.004518705,NA,0.498738966,0.02112232,NA
"334",2011,"Mt Albert",0.013468013,NA,0.02483165,0.094907407,NA,0.591856061,NA,NA,0.274936869,NA,NA
"335",2011,"Mt Roskill",0.007623225,NA,0.01754386,0.040100251,NA,0.571532999,NA,NA,0.339390142,0.014933166,0.002506266
"336",2011,"Napier",0.004732997,0.001440477,0.020063793,0.040127585,NA,0.409918716,0.002572281,NA,0.521144151,NA,NA
"337",2011,"Nelson",0.004934718,NA,0.017374319,0.094787704,NA,0.326308214,NA,NA,0.531407423,0.019327645,0.005859977
"338",2011,"New Lynn",0.008130081,NA,0.025119867,0.072545341,NA,0.521471753,NA,NA,0.362205545,NA,NA
"339",2011,"New Plymouth",NA,NA,NA,0.03861243,NA,0.404088375,NA,NA,0.533140615,NA,NA
"340",2011,"North Shore",0.035538209,NA,0.024856204,0.077033689,NA,0.205731306,NA,NA,0.62438373,0.024753492,0.004724733
"341",2011,"Northcote",0.005748306,NA,0.018374051,0.058406898,NA,0.294600698,NA,NA,0.584582221,0.022582632,0.003490043
"342",2011,"Northland",0.008242905,NA,0.050813856,0.120930718,NA,0.215984975,0.019303005,0.00918197,0.575542571,NA,NA
"343",2011,"Ohariu",NA,NA,0.010200959,0.058043456,NA,0.348362746,NA,NA,0.185555442,0.009078853,0.385800265
"344",2011,"Otaki",0.003063725,NA,0.017361111,0.047079248,NA,0.374795752,NA,NA,0.515727124,0.030228758,0.002961601
"345",2011,"Pakuranga",0.025988936,NA,0.051977873,NA,NA,0.217931322,NA,NA,0.658595136,0.045506732,NA
"346",2011,"Palmerston North",0.005165823,NA,0.020973241,0.04607914,NA,0.513172848,NA,NA,0.411199504,NA,0.003409443
"347",2011,"Papakura",0.00703043,NA,0.020356768,0.050052466,NA,0.27019937,NA,NA,0.595802728,0.056558237,NA
"348",2011,"Port Hills",0.005459977,NA,NA,0.100030906,NA,0.484186669,NA,NA,0.388894612,0.021427836,NA
"349",2011,"Rangitata",0.008679479,NA,NA,0.050320314,NA,0.371461046,NA,NA,0.557656541,NA,0.01188262
"350",2011,"Rangitikei",0.009713754,NA,0.03730495,0.067892942,NA,0.286659089,0.003513486,NA,0.588715511,NA,NA
"351",2011,"Rimutaka",0.007269706,NA,NA,0.059819296,NA,0.515837574,NA,NA,0.417073424,NA,NA
"352",2011,"Rodney",0.005438687,NA,0.212314007,0.071216008,NA,0.13668548,NA,NA,0.535351462,0.038994356,NA
"353",2011,"Rongotai",0.004650202,NA,0.012090524,0.201818745,NA,0.505218559,NA,0.004650202,0.253797665,0.013537253,NA
"354",2011,"Rotorua",NA,NA,0.029537181,NA,NA,0.3213,0.016640666,NA,0.561726469,0.070826833,NA
"355",2011,"Selwyn",NA,NA,0.018775008,0.101774905,NA,0.152662358,NA,NA,0.691392223,0.035395506,NA
"356",2011,"Tamaki",0.023937824,NA,0.015440415,0.077927461,NA,0.192124352,NA,NA,0.676683938,NA,NA
"357",2011,"Taranaki-King Country",NA,NA,NA,0.094207445,NA,0.192283563,NA,NA,0.696465914,NA,0.017043078
"358",2011,"Taupo",0.005786319,NA,0.02738169,0.062512916,NA,0.20727423,0.008059516,NA,0.636495144,0.045877247,0.006612937
"359",2011,"Tauranga",0.005259359,NA,0.042281118,0.068681035,NA,0.131587089,0.002474992,0.003403114,0.614004331,0.128802722,NA
"360",2011,"Te Atatu",0.010480627,NA,0.037582045,0.059178488,NA,0.5383231,NA,NA,0.35443574,NA,NA
"361",2011,"Tukituki",0.007553026,NA,0.03248836,0.069943094,NA,0.292912571,NA,NA,0.584169684,NA,NA
"362",2011,"Waikato",0.010089453,NA,0.037445392,0.064489286,NA,0.184002496,NA,NA,0.648949449,0.051487414,NA
"363",2011,"Waimakariri",NA,NA,0.022092666,0.033752685,NA,0.454740718,NA,NA,0.472844431,0.0165695,NA
"364",2011,"Wairarapa",0.010397172,NA,0.043460179,0.084113121,NA,0.316385943,NA,NA,0.526408817,NA,NA
"365",2011,"Waitakere",NA,NA,0.020258981,0.061612364,NA,0.447159566,0.010651629,NA,0.447472849,NA,NA
"366",2011,"Waitaki",0.005247993,NA,0.020065857,0.101358304,NA,0.240172875,NA,NA,0.614529739,NA,NA
"367",2011,"Wellington Central",0.010726073,0.001340759,0.006188119,0.136344884,NA,0.491542904,NA,NA,0.325082508,0.007322607,NA
"368",2011,"West Coast-Tasman",0.014689266,NA,0.018798151,0.063995891,NA,0.475192604,NA,NA,0.39856189,NA,0.013662044
"369",2011,"Whanganui",0.004322322,NA,NA,0.04631059,NA,0.375115776,NA,NA,0.536894103,0.033446537,NA
"370",2011,"Whangarei",0.009964047,NA,0.033795583,0.088341037,NA,0.224447869,NA,NA,0.591782229,0.044581407,NA
"371",2011,"Wigram",NA,0.025432562,0.025119867,0.0776527,NA,0.45111528,NA,NA,0.403064415,NA,0.005107359
