"","Electoral District","Year","Party","2014 Percent","median","lowr","upr"
"1","Auckland Central",2017,"ACT",0.0117,0.00487572190757706,0.00141156712598259,0.0123018749161745
"2","Auckland Central",2017,"Conservative Party",0.0173,5e-04,5e-04,0.00254286167654398
"3","Auckland Central",2017,"Green Party",0.2217,0.219677082938743,0.184973645801053,0.234023157334131
"4","Auckland Central",2017,"Labour Party",0.2167,0.265732551119676,0.231602327942028,0.303556242055391
"5","Auckland Central",2017,"Mana",0.0196,0.0027920092293179,5e-04,0.0153692903532469
"6","Auckland Central",2017,"Maori Party",0.0056,0.00535793802258495,0.00303884709104221,0.0116345976368537
"7","Auckland Central",2017,"National Party",0.4493,0.405096893009408,0.356889027905755,0.453170899722522
"8","Auckland Central",2017,"New Zealand First Party",0.0518,0.080639415847185,0.0384693206332721,0.15938033414393
"9","Auckland Central",2017,"United Future",0.0019,0.000719870007083421,5e-04,0.00503532540087916
"10","Bay of Plenty",2017,"ACT",0.0025,0.00104182092042245,5e-04,0.00327273754843826
"11","Bay of Plenty",2017,"Conservative Party",0.0566,0.00118923510757626,5e-04,0.00831942028279708
"12","Bay of Plenty",2017,"Green Party",0.0723,0.0715934449104885,0.0594723893305126,0.0887105101917184
"13","Bay of Plenty",2017,"Labour Party",0.1307,0.1908971593909,0.148442363903366,0.237409931919455
"14","Bay of Plenty",2017,"Mana",0.0051,0.000726492197424555,5e-04,0.00399915208171221
"15","Bay of Plenty",2017,"Maori Party",0.0057,0.00545361548727396,0.00309311221766797,0.0130611308389714
"16","Bay of Plenty",2017,"National Party",0.5766,0.532396893009408,0.484189027905755,0.58175048307527
"17","Bay of Plenty",2017,"New Zealand First Party",0.1394,0.174084426256344,0.103525546260196,0.254410007911704
"18","Bay of Plenty",2017,"United Future",0.0021,0.000795645797302728,5e-04,0.00588923409116906
"19","Botany",2017,"ACT",0.0241,0.0100431536728724,0.00290758698599833,0.0247590145560212
"20","Botany",2017,"Conservative Party",0.0453,0.00095180831048065,5e-04,0.00665847595071922
"21","Botany",2017,"Green Party",0.0435,0.0430748942407504,0.0357821429581922,0.0590184149573066
"22","Botany",2017,"Labour Party",0.2227,0.281122931116277,0.240125567539103,0.322244776074628
"23","Botany",2017,"Mana",0.0061,0.000868941647899958,5e-04,0.0047832995487146
"24","Botany",2017,"Maori Party",0.0021,0.00200922675846935,0.00113956765914083,0.0091912170497443
"25","Botany",2017,"National Party",0.5965,0.552296893009408,0.504089027905755,0.601315826859517
"26","Botany",2017,"New Zealand First Party",0.0544,0.0890859633754045,0.0404002131747105,0.168279923369001
"27","Botany",2017,"United Future",0.0015,0.000568318426644806,5e-04,0.00517054835379712
"28","Christchurch Central",2017,"ACT",0.0049,0.002041969004028,0.000591169138232026,0.00553479563476237
"29","Christchurch Central",2017,"Conservative Party",0.0311,0.000653448972537489,5e-04,0.00457127156881606
"30","Christchurch Central",2017,"Green Party",0.1582,0.156653983192798,0.130131839447954,0.171212957635777
"31","Christchurch Central",2017,"Labour Party",0.2625,0.312431369288882,0.277330040955966,0.350550564593561
"32","Christchurch Central",2017,"Mana",0.0103,0.00146722933989665,5e-04,0.00807671891012466
"33","Christchurch Central",2017,"Maori Party",0.0046,0.00440116337569478,0.00249619582478468,0.0107246229582482
"34","Christchurch Central",2017,"National Party",0.4466,0.402396893009408,0.354189027905755,0.450507064134231
"35","Christchurch Central",2017,"New Zealand First Party",0.0719,0.10107455080261,0.0533966052805457,0.176891917201805
"36","Christchurch Central",2017,"United Future",0.0023,0.000871421587522036,5e-04,0.00548131902597254
"37","Christchurch East",2017,"ACT",0.0033,0.00137520361495763,5e-04,0.00392375344276169
"38","Christchurch East",2017,"Conservative Party",0.0326,0.000684965804010357,5e-04,0.00479175090493259
"39","Christchurch East",2017,"Green Party",0.1266,0.125362795652391,0.104138374678325,0.139697837892499
"40","Christchurch East",2017,"Labour Party",0.3216,0.371030295785854,0.336095185305689,0.409805159904379
"41","Christchurch East",2017,"Mana",0.0088,0.00125355516418355,5e-04,0.00690049770962107
"42","Christchurch East",2017,"Maori Party",0.004,0.00382709858756068,0.00217060506503015,0.0101044124296086
"43","Christchurch East",2017,"National Party",0.3979,0.353696893009408,0.305489027905755,0.401676849407075
"44","Christchurch East",2017,"New Zealand First Party",0.0945,0.123014473443433,0.07018051737151,0.197111987247076
"45","Christchurch East",2017,"United Future",0.0023,0.000871421587522036,5e-04,0.00545760761099121
"46","Clutha-Southland",2017,"ACT",0.0036,0.00150022212540833,5e-04,0.00431395415964615
"47","Clutha-Southland",2017,"Conservative Party",0.0504,0.00105896553748841,5e-04,0.00740810569351542
"48","Clutha-Southland",2017,"Green Party",0.0773,0.0765445821795403,0.0635852793257071,0.0920606750036817
"49","Clutha-Southland",2017,"Labour Party",0.1471,0.202667162299305,0.163784363156873,0.242583739792353
"50","Clutha-Southland",2017,"Mana",0.0046,0.000655267472186854,5e-04,0.00360707834821101
"51","Clutha-Southland",2017,"Maori Party",0.0033,0.00315735633473756,0.00179074917864988,0.0100368491166514
"52","Clutha-Southland",2017,"National Party",0.6338,0.589596893009408,0.541389027905755,0.638232653702101
"53","Clutha-Southland",2017,"New Zealand First Party",0.0624,0.0950197327223461,0.0463414209945209,0.172934150557833
"54","Clutha-Southland",2017,"United Future",0.002,0.000757757902193075,5e-04,0.00553345179695824
"55","Coromandel",2017,"ACT",0.0037,0.00154189496222522,5e-04,0.00446391638933551
"56","Coromandel",2017,"Conservative Party",0.0528,0.001109392467845,5e-04,0.00776087263130187
"57","Coromandel",2017,"Green Party",0.0982,0.0972403359641767,0.0807771595056202,0.114064340956482
"58","Coromandel",2017,"Labour Party",0.1571,0.216536443057402,0.174802068335305,0.261295788536294
"59","Coromandel",2017,"Mana",0.0068,0.00096865626323274,5e-04,0.00533220277561628
"60","Coromandel",2017,"Maori Party",0.0049,0.00468819576976183,0.00265899120466194,0.0121617339274778
"61","Coromandel",2017,"National Party",0.5417,0.497496893009408,0.449289027905755,0.546717922787692
"62","Coromandel",2017,"New Zealand First Party",0.125,0.159382132405617,0.092831372184537,0.240439685628715
"63","Coromandel",2017,"United Future",0.0017,0.000644094216864113,5e-04,0.00546101990814365
"64","Dunedin North",2017,"ACT",0.0032,0.00133353077814073,5e-04,0.00386787688554064
"65","Dunedin North",2017,"Conservative Party",0.0273,0.000573606332806221,5e-04,0.00401272391732085
"66","Dunedin North",2017,"Green Party",0.2294,0.227377082938743,0.192673645801053,0.242486218383955
"67","Dunedin North",2017,"Labour Party",0.3182,0.369441029959455,0.333618131265027,0.408568678544757
"68","Dunedin North",2017,"Mana",0.0172,0.00245013054817693,5e-04,0.0134873364324412
"69","Dunedin North",2017,"Maori Party",0.0035,0.00334871126411559,0.00189927943190138,0.00978804617774492
"70","Dunedin North",2017,"National Party",0.3226,0.278396893009408,0.230189027905755,0.326715993732491
"71","Dunedin North",2017,"New Zealand First Party",0.0675,0.0975047156809162,0.05012894097965,0.177580140487043
"72","Dunedin North",2017,"United Future",0.0025,0.000947197377741343,5e-04,0.00576494237207122
"73","Dunedin South",2017,"ACT",0.0033,0.00137520361495763,5e-04,0.00389489132641314
"74","Dunedin South",2017,"Conservative Party",0.0293,0.000615628774770045,5e-04,0.00430669636547623
"75","Dunedin South",2017,"Green Party",0.1229,0.121698954073292,0.101094836081881,0.135426338587913
"76","Dunedin South",2017,"Labour Party",0.3327,0.379587909246567,0.346319480050085,0.417390128961602
"77","Dunedin South",2017,"Mana",0.0082,0.0011680854938983,5e-04,0.00643000922941963
"78","Dunedin South",2017,"Maori Party",0.0025,0.00239193661722542,0.00135662816564385,0.00831168180587671
"79","Dunedin South",2017,"National Party",0.3987,0.354496893009408,0.306289027905755,0.402178851747346
"80","Dunedin South",2017,"New Zealand First Party",0.0911,0.118082356325812,0.0676555040480906,0.190012781755203
"81","Dunedin South",2017,"United Future",0.0017,0.000644094216864113,5e-04,0.00472115649526164
"82","East Coast",2017,"ACT",0.0023,0.000958475246788653,5e-04,0.00301006241900085
"83","East Coast",2017,"Conservative Party",0.0408,0.000857257816062044,5e-04,0.00599703794236962
"84","East Coast",2017,"Green Party",0.0921,0.0911999484959335,0.0757594337114829,0.106837474433008
"85","East Coast",2017,"Labour Party",0.2274,0.282393583883733,0.243692339038336,0.325067286764109
"86","East Coast",2017,"Mana",0.0117,0.00166665857056221,5e-04,0.00917452536392801
"87","East Coast",2017,"Maori Party",0.0095,0.0090893591454566,0.00515518702944661,0.0161811788800302
"88","East Coast",2017,"National Party",0.4862,0.441996893009408,0.393789027905755,0.490726108105875
"89","East Coast",2017,"New Zealand First Party",0.1184,0.150049574506954,0.0879298757331935,0.227764695040616
"90","East Coast",2017,"United Future",0.0022,0.000833533692412382,5e-04,0.00568600764967785
"91","East Coast Bays",2017,"ACT",0.0176,0.00733441927977404,0.00212338302711911,0.0184613840930909
"92","East Coast Bays",2017,"Conservative Party",0.067,0.00140775180578816,5e-04,0.00984807701320502
"93","East Coast Bays",2017,"Green Party",0.0823,0.0814957194485921,0.0676981693209017,0.100504885408489
"94","East Coast Bays",2017,"Labour Party",0.1215,0.191581759149693,0.14282874687218,0.236894614998853
"95","East Coast Bays",2017,"Mana",0.0067,0.0009544113181852,5e-04,0.00525378802891604
"96","East Coast Bays",2017,"Maori Party",0.0038,0.00363574365818264,0.00206207481177865,0.0122266125901848
"97","East Coast Bays",2017,"National Party",0.6338,0.589596893009408,0.541389027905755,0.640030126281611
"98","East Coast Bays",2017,"New Zealand First Party",0.0596,0.101079147755991,0.0442619982575872,0.191005679448848
"99","East Coast Bays",2017,"United Future",0.0021,0.000795645797302728,5e-04,0.00642649932095415
"100","Epsom",2017,"ACT",0.0272,0.0113350116141962,0.00328159195100226,0.0277341855005017
"101","Epsom",2017,"Conservative Party",0.0248,0.000521078280351439,5e-04,0.00364525835712664
"102","Epsom",2017,"Green Party",0.1252,0.123976477217056,0.102986765479671,0.138400776760626
"103","Epsom",2017,"Labour Party",0.1342,0.184602744571294,0.149505813636475,0.223014867681207
"104","Epsom",2017,"Mana",0.0083,0.00118233043894584,5e-04,0.00650842397611987
"105","Epsom",2017,"Maori Party",0.0046,0.00440116337569478,0.00249619582478468,0.0107313792740471
"106","Epsom",2017,"National Party",0.636,0.591796893009408,0.543589027905755,0.640044480630674
"107","Epsom",2017,"New Zealand First Party",0.0348,0.0651054738562159,0.0258442540161751,0.141205881623909
"108","Epsom",2017,"United Future",0.0016,0.00060620632175446,5e-04,0.00480759367669437
"109","Hamilton East",2017,"ACT",0.0072,0.00300044425081665,0.000868656692912364,0.00794620789006591
"110","Hamilton East",2017,"Conservative Party",0.0481,0.00101063972923001,5e-04,0.00707003737813674
"111","Hamilton East",2017,"Green Party",0.1102,0.109123065409901,0.090648095494087,0.125738699148726
"112","Hamilton East",2017,"Labour Party",0.2377,0.29722286186751,0.255731597614531,0.338246560443922
"113","Hamilton East",2017,"Mana",0.01,0.00142449450475403,5e-04,0.00784147467002394
"114","Hamilton East",2017,"Maori Party",0.0064,0.00612335774009708,0.00347296810404825,0.0134941776340238
"115","Hamilton East",2017,"National Party",0.5003,0.456096893009408,0.407889027905755,0.505278148759158
"116","Hamilton East",2017,"New Zealand First Party",0.0714,0.106240616655812,0.0530252797918075,0.187810300063446
"117","Hamilton East",2017,"United Future",0.003,0.00113663685328961,5e-04,0.00673253723264171
"118","Hamilton West",2017,"ACT",0.0048,0.0020002961672111,0.000579104461941576,0.00550872197878001
"119","Hamilton West",2017,"Conservative Party",0.0467,0.000981224019855328,5e-04,0.00686425666442798
"120","Hamilton West",2017,"Green Party",0.0821,0.08129767395783,0.0675336537210939,0.0972646482982184
"121","Hamilton West",2017,"Labour Party",0.2569,0.313284073654639,0.273634327104295,0.355637361153071
"122","Hamilton West",2017,"Mana",0.0072,0.0010256360434229,5e-04,0.00564586176241724
"123","Hamilton West",2017,"Maori Party",0.0056,0.00535793802258495,0.00303884709104221,0.0124531837632967
"124","Hamilton West",2017,"National Party",0.4773,0.433096893009408,0.384889027905755,0.481813634552001
"125","Hamilton West",2017,"New Zealand First Party",0.1082,0.14083923701811,0.0803548357629352,0.21901203556908
"126","Hamilton West",2017,"United Future",0.0026,0.000985085272850997,5e-04,0.00618896974406637
"127","Helensville",2017,"ACT",0.0074,0.00308378992445045,0.000892786045493262,0.00815522441602049
"128","Helensville",2017,"Conservative Party",0.0478,0.00100433636293543,5e-04,0.00702594151091344
"129","Helensville",2017,"Green Party",0.1358,0.134472888227446,0.111706092269483,0.151232046714894
"130","Helensville",2017,"Labour Party",0.1253,0.184878775048136,0.1434941242354,0.226006343543181
"131","Helensville",2017,"Mana",0.0096,0.00136751472456387,5e-04,0.00752781568322298
"132","Helensville",2017,"Maori Party",0.0054,0.00516658309320691,0.00293031683779071,0.0125157191187303
"133","Helensville",2017,"National Party",0.5851,0.540896893009408,0.492689027905755,0.590096707637727
"134","Helensville",2017,"New Zealand First Party",0.0738,0.108701311367652,0.0548076421377506,0.191468311685017
"135","Helensville",2017,"United Future",0.0026,0.000985085272850997,5e-04,0.00632202363699956
"136","Hunua",2017,"ACT",0.0087,0.00362553680307012,0.00104962683726911,0.00940402107672615
"137","Hunua",2017,"Conservative Party",0.0504,0.00105896553748841,5e-04,0.00740810569351542
"138","Hunua",2017,"Green Party",0.0579,0.0573341695756194,0.0476272661443524,0.0734104946362573
"139","Hunua",2017,"Labour Party",0.131,0.188525229231039,0.148058870596606,0.230490054927542
"140","Hunua",2017,"Mana",0.0046,0.000655267472186854,5e-04,0.00360707834821101
"141","Hunua",2017,"Maori Party",0.004,0.00382709858756068,0.00217060506503015,0.011020030615761
"142","Hunua",2017,"National Party",0.6391,0.594896893009408,0.546689027905755,0.643878457405161
"143","Hunua",2017,"New Zealand First Party",0.0958,0.129214971613907,0.0711459636422292,0.207151554499671
"144","Hunua",2017,"United Future",0.0023,0.000871421587522036,5e-04,0.00593075928075961
"145","Hutt South",2017,"ACT",0.0066,0.00275040722991526,0.000796268635169667,0.00724052221618351
"146","Hutt South",2017,"Conservative Party",0.0357,0.000750100589054288,5e-04,0.00524740819957342
"147","Hutt South",2017,"Green Party",0.1275,0.12625400036082,0.10487869487746,0.141074338326619
"148","Hutt South",2017,"Labour Party",0.2798,0.331238728334738,0.295202000228184,0.370048070270769
"149","Hutt South",2017,"Mana",0.0072,0.0010256360434229,5e-04,0.00564586176241724
"150","Hutt South",2017,"Maori Party",0.0053,0.00507090562851789,0.00287605171116495,0.0115365646087324
"151","Hutt South",2017,"National Party",0.453,0.408796893009408,0.360589027905755,0.457003463881789
"152","Hutt South",2017,"New Zealand First Party",0.0748,0.104878321714017,0.055550293115227,0.180543787477424
"153","Hutt South",2017,"United Future",0.0035,0.00132607632883788,5e-04,0.00673813581198235
"154","Ilam",2017,"ACT",0.0099,0.0041256108448729,0.0011944029527545,0.0105362199326811
"155","Ilam",2017,"Conservative Party",0.0368,0.000773212932134393,5e-04,0.00540909304605888
"156","Ilam",2017,"Green Party",0.1296,0.128333478013822,0.106606108675442,0.143156989146971
"157","Ilam",2017,"Labour Party",0.1767,0.22858712849014,0.192421096121331,0.266869159831201
"158","Ilam",2017,"Mana",0.0066,0.000940166373137659,5e-04,0.0051753732822158
"159","Ilam",2017,"Maori Party",0.0048,0.00459251830507281,0.00260472607803618,0.0111282329631518
"160","Ilam",2017,"National Party",0.5772,0.532996893009408,0.484789027905755,0.581335123306164
"161","Ilam",2017,"New Zealand First Party",0.0512,0.0818599260306901,0.0380237300467864,0.158219293681474
"162","Ilam",2017,"United Future",0.0026,0.000985085272850997,5e-04,0.00588958153550074
"163","Invercargill",2017,"ACT",0.0033,0.00137520361495763,5e-04,0.00393843588083148
"164","Invercargill",2017,"Conservative Party",0.0368,0.000773212932134393,5e-04,0.00540909304605888
"165","Invercargill",2017,"Green Party",0.0757,0.0749602182534437,0.0622691545272449,0.0892326375663878
"166","Invercargill",2017,"Labour Party",0.2507,0.300242101991614,0.265008699235302,0.340559291610521
"167","Invercargill",2017,"Mana",0.0062,0.000883186592947499,5e-04,0.00486171429541484
"168","Invercargill",2017,"Maori Party",0.0032,0.00306167887004854,0.00173648405202412,0.00932904162073586
"169","Invercargill",2017,"National Party",0.4948,0.450596893009408,0.402389027905755,0.498600555432698
"170","Invercargill",2017,"New Zealand First Party",0.1116,0.140080399843516,0.0828798490863547,0.2127770922265
"171","Invercargill",2017,"United Future",0.002,0.000757757902193075,5e-04,0.00520617818399936
"172","Kaikoura",2017,"ACT",0.0039,0.00162524063585902,5e-04,0.00459164093293482
"173","Kaikoura",2017,"Conservative Party",0.0466,0.000979122897757135,5e-04,0.00684955804202021
"174","Kaikoura",2017,"Green Party",0.0918,0.0909028802597904,0.0755126603117712,0.106519350093178
"175","Kaikoura",2017,"Labour Party",0.171,0.225745706975351,0.187344226670785,0.267315824099832
"176","Kaikoura",2017,"Mana",0.0046,0.000655267472186854,5e-04,0.00360707834821101
"177","Kaikoura",2017,"Maori Party",0.0036,0.00344438872880461,0.00195354455852714,0.0102529603582815
"178","Kaikoura",2017,"National Party",0.5664,0.522196893009408,0.473989027905755,0.570760576134656
"179","Kaikoura",2017,"New Zealand First Party",0.0985,0.130218444774983,0.0731511212814152,0.207528946383048
"180","Kaikoura",2017,"United Future",0.0026,0.000985085272850997,5e-04,0.00610372852085804
"181","Kelston",2017,"ACT",0.01,0.00416728368168979,0.00120646762904495,0.0106284347426922
"182","Kelston",2017,"Conservative Party",0.0296,0.00062193214106462,5e-04,0.00435079223269953
"183","Kelston",2017,"Green Party",0.1074,0.106350428539232,0.0883448770967781,0.120987065126502
"184","Kelston",2017,"Labour Party",0.4213,0.472651503050403,0.436505576478401,0.511855336170842
"185","Kelston",2017,"Mana",0.0141,0.00200853725170318,5e-04,0.0110564792847338
"186","Kelston",2017,"Maori Party",0.0031,0.00296600140535952,0.00168221892539837,0.00933276918544195
"187","Kelston",2017,"National Party",0.3232,0.278996893009408,0.230789027905755,0.327238905775938
"188","Kelston",2017,"New Zealand First Party",0.0845,0.114408590028242,0.062754007596747,0.189046152598993
"189","Kelston",2017,"United Future",0.0016,0.00060620632175446,5e-04,0.00489814628361001
"190","Mana",2017,"ACT",0.0022,0.000916802409971755,5e-04,0.00277733489671516
"191","Mana",2017,"Conservative Party",0.0267,0.000560999600217072,5e-04,0.00392453218287424
"192","Mana",2017,"Green Party",0.128,0.126749114087725,0.105289983876979,0.140272627115075
"193","Mana",2017,"Labour Party",0.3439,0.389876303715241,0.357445239685693,0.426912424036013
"194","Mana",2017,"Mana",0.0096,0.00136751472456387,5e-04,0.00752781568322298
"195","Mana",2017,"Maori Party",0.0062,0.00593200281071905,0.00336443785079674,0.0118910954063437
"196","Mana",2017,"National Party",0.4053,0.361096893009408,0.312889027905755,0.408631623413043
"197","Mana",2017,"New Zealand First Party",0.068,0.0948171194592593,0.0505002664683881,0.16684934187085
"198","Mana",2017,"United Future",0.0032,0.00121241264350892,5e-04,0.00609253405427044
"199","Mangere",2017,"ACT",0.0025,0.00104182092042245,5e-04,0.00297894370974165
"200","Mangere",2017,"Conservative Party",0.0307,0.000645044484144725,5e-04,0.00451247707918499
"201","Mangere",2017,"Green Party",0.0397,0.039312029916271,0.0326563465618444,0.0493766549308095
"202","Mangere",2017,"Labour Party",0.6756,0.711601219793148,0.686161339868084,0.737186007388515
"203","Mangere",2017,"Mana",0.0119,0.00169514846065729,5e-04,0.00933135485732849
"204","Mangere",2017,"Maori Party",0.0045,0.00430548591100576,0.00244193069815892,0.00887567286487606
"205","Mangere",2017,"National Party",0.1566,0.134968104516479,0.111376380531379,0.159961864451802
"206","Mangere",2017,"New Zealand First Party",0.0735,0.0943718222743931,0.0545848468445078,0.139647882079743
"207","Mangere",2017,"United Future",0.001,5e-04,5e-04,0.00326757534347113
"208","Manukau East",2017,"ACT",0.0067,0.00279208006673216,0.000808333311460116,0.00713187983228165
"209","Manukau East",2017,"Conservative Party",0.0208,5e-04,5e-04,0.00305731346081589
"210","Manukau East",2017,"Green Party",0.0365,0.0361433020640779,0.0300240969649199,0.045759238073373
"211","Manukau East",2017,"Labour Party",0.637,0.671009597745001,0.646933930778015,0.698173342700176
"212","Manukau East",2017,"Mana",0.0104,0.00148147428494419,5e-04,0.0081551336568249
"213","Manukau East",2017,"Maori Party",0.0032,0.00306167887004854,0.00173648405202412,0.00741562454449408
"214","Manukau East",2017,"National Party",0.2029,0.174872467473778,0.144305668006493,0.205666962171835
"215","Manukau East",2017,"New Zealand First Party",0.078,0.0977178897094584,0.0579267762431511,0.145301183984283
"216","Manukau East",2017,"United Future",7e-04,5e-04,5e-04,0.00289565416880805
"217","Manurewa",2017,"ACT",0.0057,0.00237535169856318,0.000687686548555621,0.00626378291551471
"218","Manurewa",2017,"Conservative Party",0.0282,0.000592516431689942,5e-04,0.00414501151899077
"219","Manurewa",2017,"Green Party",0.0397,0.039312029916271,0.0326563465618444,0.0518482176722054
"220","Manurewa",2017,"Labour Party",0.5303,0.574241741925736,0.543076018607413,0.609522977743863
"221","Manurewa",2017,"Mana",0.0115,0.00163816868046713,5e-04,0.00901769587052753
"222","Manurewa",2017,"Maori Party",0.0069,0.00660174506354216,0.00374429373717701,0.0122940126237319
"223","Manurewa",2017,"National Party",0.2769,0.238650498982203,0.196935630709699,0.280256006166341
"224","Manurewa",2017,"New Zealand First Party",0.0949,0.120289265330829,0.0704775777625005,0.183471642961198
"225","Manurewa",2017,"United Future",9e-04,5e-04,5e-04,0.00374249235130117
"226","Maungakiekie",2017,"ACT",0.0148,0.0061675798489009,0.00178557209098652,0.0154243447549039
"227","Maungakiekie",2017,"Conservative Party",0.0317,0.000666055705126636,5e-04,0.00465946330326267
"228","Maungakiekie",2017,"Green Party",0.0946,0.0936755171304594,0.0778158787090802,0.108407994573654
"229","Maungakiekie",2017,"Labour Party",0.353,0.405249016387927,0.368690942422394,0.44391320533766
"230","Maungakiekie",2017,"Mana",0.0109,0.00155269901018189,5e-04,0.00854720739032609
"231","Maungakiekie",2017,"Maori Party",0.0054,0.00516658309320691,0.00293031683779071,0.0116680326167809
"232","Maungakiekie",2017,"National Party",0.4165,0.372296893009408,0.324089027905755,0.4206137828452
"233","Maungakiekie",2017,"New Zealand First Party",0.0661,0.0968223058269932,0.0490892296111832,0.172646549338962
"234","Maungakiekie",2017,"United Future",0.0023,0.000871421587522036,5e-04,0.00560139197511005
"235","Mt Albert",2017,"ACT",0.0097,0.0040422651712391,0.0011702736001736,0.010267308790251
"236","Mt Albert",2017,"Conservative Party",0.0196,5e-04,5e-04,0.00288092999192266
"237","Mt Albert",2017,"Green Party",0.2178,0.215777082938743,0.181073645801053,0.229883702117645
"238","Mt Albert",2017,"Labour Party",0.2945,0.342312273750604,0.309154987626406,0.379570792227783
"239","Mt Albert",2017,"Mana",0.0164,0.00233617098779661,5e-04,0.0128600184588393
"240","Mt Albert",2017,"Maori Party",0.0048,0.00459251830507281,0.00260472607803618,0.0106954033622698
"241","Mt Albert",2017,"National Party",0.3908,0.346596893009408,0.298389027905755,0.394544471445425
"242","Mt Albert",2017,"New Zealand First Party",0.0411,0.0693414995136275,0.0305229551742758,0.147353740238156
"243","Mt Albert",2017,"United Future",0.0016,0.00060620632175446,5e-04,0.00465453992852752
"244","Mt Roskill",2017,"ACT",0.018,0.00750111062704163,0.00217164173228091,0.0186454529790416
"245","Mt Roskill",2017,"Conservative Party",0.0366,0.000769010687938009,5e-04,0.00537969580124334
"246","Mt Roskill",2017,"Green Party",0.0967,0.0957549947834611,0.0795432925070619,0.111051276168717
"247","Mt Roskill",2017,"Labour Party",0.3563,0.410946839497098,0.372831435894122,0.449851824986462
"248","Mt Roskill",2017,"Mana",0.009,0.00128204505427863,5e-04,0.00705732720302154
"249","Mt Roskill",2017,"Maori Party",0.0039,0.00373142112287166,0.0021163399384044,0.0104828740037769
"250","Mt Roskill",2017,"National Party",0.4208,0.376596893009408,0.328389027905755,0.425269569291575
"251","Mt Roskill",2017,"New Zealand First Party",0.0532,0.0855406805571932,0.0395090320017389,0.163358846528557
"252","Mt Roskill",2017,"United Future",0.002,0.000757757902193075,5e-04,0.00545284040316195
"253","Napier",2017,"ACT",0.0028,0.00116683943087314,5e-04,0.00361041360633229
"254","Napier",2017,"Conservative Party",0.0623,0.00130899906717317,5e-04,0.0091572417600399
"255","Napier",2017,"Green Party",0.0877,0.086842947699168,0.0721400905157117,0.104351622094302
"256","Napier",2017,"Labour Party",0.2596,0.322818776950769,0.278522883389776,0.365512516584724
"257","Napier",2017,"Mana",0.006,0.000854696702852418,5e-04,0.00470488480201436
"258","Napier",2017,"Maori Party",0.0044,0.00420980844631674,0.00238766557153317,0.0119251600681868
"259","Napier",2017,"National Party",0.4938,0.449596893009408,0.401389027905755,0.499183089883732
"260","Napier",2017,"New Zealand First Party",0.0743,0.111329847038828,0.0551789676264888,0.194911938382076
"261","Napier",2017,"United Future",0.0017,0.000644094216864113,5e-04,0.00565252305663023
"262","Nelson",2017,"ACT",0.004,0.00166691347267592,5e-04,0.00479850862598406
"263","Nelson",2017,"Conservative Party",0.055,0.00115561715400521,5e-04,0.00808424232427278
"264","Nelson",2017,"Green Party",0.1414,0.140018161968784,0.116312529064101,0.157508137172556
"265","Nelson",2017,"Labour Party",0.2471,0.309113875806763,0.26594278843534,0.351259180465705
"266","Nelson",2017,"Mana",0.0083,0.00118233043894584,5e-04,0.00650842397611987
"267","Nelson",2017,"Maori Party",0.0033,0.00315735633473756,0.00179074917864988,0.0107558696178769
"268","Nelson",2017,"National Party",0.4443,0.400096893009408,0.351889027905755,0.449601789927056
"269","Nelson",2017,"New Zealand First Party",0.0767,0.112844688486098,0.0569613299724319,0.197513650147455
"270","Nelson",2017,"United Future",0.0025,0.000947197377741343,5e-04,0.00641801615078116
"271","New Lynn",2017,"ACT",0.0162,0.00675099956433747,0.00195447755905282,0.0168644568628335
"272","New Lynn",2017,"Conservative Party",0.0368,0.000773212932134393,5e-04,0.00540909304605888
"273","New Lynn",2017,"Green Party",0.1005,0.0995178591079405,0.0826690889034097,0.115088327915888
"274","New Lynn",2017,"Labour Party",0.3609,0.416466633528674,0.377701904574064,0.456544222807722
"275","New Lynn",2017,"Mana",0.011,0.00156694395522943,5e-04,0.00862562213702633
"276","New Lynn",2017,"Maori Party",0.0036,0.00344438872880461,0.00195354455852714,0.0102402081609142
"277","New Lynn",2017,"National Party",0.3923,0.348096893009408,0.299889027905755,0.396855987091733
"278","New Lynn",2017,"New Zealand First Party",0.0718,0.104433704950146,0.0533223401827981,0.182553807235919
"279","New Lynn",2017,"United Future",0.0017,0.000644094216864113,5e-04,0.00521185623492354
"280","New Plymouth",2017,"ACT",0.0046,0.00191695049357731,0.000554975109360677,0.00519941691965646
"281","New Plymouth",2017,"Conservative Party",0.032,0.00067235907142121,5e-04,0.00470355917048598
"282","New Plymouth",2017,"Green Party",0.08,0.0792181963048283,0.0658062399231122,0.0928686872364698
"283","New Plymouth",2017,"Labour Party",0.2116,0.259098905819345,0.225497779694766,0.297394382063262
"284","New Plymouth",2017,"Mana",0.007,0.000997146153327821,5e-04,0.00548903226901676
"285","New Plymouth",2017,"Maori Party",0.0053,0.00507090562851789,0.00287605171116495,0.011130089474012
"286","New Plymouth",2017,"National Party",0.5584,0.514196893009408,0.465989027905755,0.561932468286652
"287","New Plymouth",2017,"New Zealand First Party",0.0904,0.11777750958816,0.0671356483638572,0.189484337201872
"288","New Plymouth",2017,"United Future",0.0018,0.000681982111973767,5e-04,0.00487306764081851
"289","North Shore",2017,"ACT",0.0142,0.00675099956433747,0.00195447755905282,0.0169165792017599
"290","North Shore",2017,"Conservative Party",0.0434,0.000905583624320441,5e-04,0.00633510625774831
"291","North Shore",2017,"Green Party",0.1069,0.114965407387382,0.0955013056884166,0.131556097963361
"292","North Shore",2017,"Labour Party",0.1421,0.28047221564325,0.239276927829949,0.321948054786905
"293","North Shore",2017,"Mana",0.0065,0.00135326977951633,5e-04,0.00744940093652274
"294","North Shore",2017,"Maori Party",0.0045,0.00440116337569478,0.00249619582478468,0.0116676178648929
"295","North Shore",2017,"National Party",0.6171,0.462896893009408,0.414689027905755,0.512111191073419
"296","North Shore",2017,"New Zealand First Party",0.0583,0.108156292568099,0.0543620515512649,0.189661161451442
"297","North Shore",2017,"United Future",0.0025,0.00128818843372823,5e-04,0.00711259802717022
"298","Northcote",2017,"ACT",0.0162,0.00191695049357731,0.000554975109360677,0.0055408718593652
"299","Northcote",2017,"Conservative Party",0.0431,0.0013258080439587,5e-04,0.00927483073930205
"300","Northcote",2017,"Green Party",0.1161,0.107340655993042,0.089167455095817,0.12694035741242
"301","Northcote",2017,"Labour Party",0.2211,0.236773225417823,0.187292259893678,0.28606230691127
"302","Northcote",2017,"Mana",0.0095,0.00240739571303431,5e-04,0.0132520921923405
"303","Northcote",2017,"Maori Party",0.0046,0.005644970416652,0.00320164247091948,0.0144385963249404
"304","Northcote",2017,"National Party",0.5071,0.445496893009408,0.397289027905755,0.496118583662456
"305","Northcote",2017,"New Zealand First Party",0.0732,0.168840472539353,0.0949850600192183,0.258802305736841
"306","Northcote",2017,"United Future",0.0034,0.000757757902193075,5e-04,0.00640013548196283
"307","Northland",2017,"ACT",0.0046,0.00591754282799951,0.00171318403324383,0.0148892338522535
"308","Northland",2017,"Conservative Party",0.0631,0.000911886990615014,5e-04,0.00637920212497161
"309","Northland",2017,"Green Party",0.1084,0.105855314812327,0.0879335880972587,0.121733083024366
"310","Northland",2017,"Labour Party",0.1663,0.198770219689851,0.159479894701127,0.238579015330527
"311","Northland",2017,"Mana",0.0169,0.000925921428090119,5e-04,0.00509695853551556
"312","Northland",2017,"Maori Party",0.0059,0.00430548591100576,0.00244193069815892,0.0112976380075113
"313","Northland",2017,"National Party",0.4897,0.572896893009408,0.524689027905755,0.621765695426714
"314","Northland",2017,"New Zealand First Party",0.1279,0.0917729349088851,0.0432965519868681,0.171144110761756
"315","Northland",2017,"United Future",0.002,0.000947197377741343,5e-04,0.00606671898599938
"316","Ohariu",2017,"ACT",0.0067,0.00279208006673216,0.000808333311460116,0.00729944501357164
"317","Ohariu",2017,"Conservative Party",0.03,0.000630336629457384,5e-04,0.00440958672233061
"318","Ohariu",2017,"Green Party",0.1507,0.14922727728922,0.123962504455163,0.16344060530272
"319","Ohariu",2017,"Labour Party",0.235,0.284137383386713,0.249729280129833,0.322006408302807
"320","Ohariu",2017,"Mana",0.0069,0.000982901208280281,5e-04,0.00541061752231652
"321","Ohariu",2017,"Maori Party",0.0058,0.00554929295196298,0.00314737734429372,0.0118349029897848
"322","Ohariu",2017,"National Party",0.504,0.459796893009408,0.411589027905755,0.507765947708625
"323","Ohariu",2017,"New Zealand First Party",0.0477,0.0767345102741174,0.0354244516256193,0.152066769962821
"324","Ohariu",2017,"United Future",0.0073,0.00276581634300472,5e-04,0.010334976326516
"325","Otaki",2017,"ACT",0.0029,0.00120851226769004,5e-04,0.00359118035098367
"326","Otaki",2017,"Conservative Party",0.0441,0.000926594845302355,5e-04,0.00648209248182599
"327","Otaki",2017,"Green Party",0.0946,0.0936755171304594,0.0778158787090802,0.109049732144695
"328","Otaki",2017,"Labour Party",0.2484,0.3023378719341,0.264366139945825,0.343421671199753
"329","Otaki",2017,"Mana",0.0065,0.000925921428090119,5e-04,0.00509695853551556
"330","Otaki",2017,"Maori Party",0.0044,0.00420980844631674,0.00238766557153317,0.0109501649322724
"331","Otaki",2017,"National Party",0.4908,0.446596893009408,0.398389027905755,0.495062755921328
"332","Otaki",2017,"New Zealand First Party",0.0996,0.130788002148308,0.0739680373566391,0.20746097462579
"333","Otaki",2017,"United Future",0.0019,0.000719870007083421,5e-04,0.00536774820306242
"334","Pakuranga",2017,"ACT",0.0296,0.0123351596978018,0.00357114418197305,0.0303492277581291
"335","Pakuranga",2017,"Conservative Party",0.0559,0.00117452725288893,5e-04,0.0082165299259427
"336","Pakuranga",2017,"Green Party",0.0635,0.0628794433169574,0.0522337029389703,0.0810932473304472
"337","Pakuranga",2017,"Labour Party",0.1596,0.226747757295603,0.180002958704511,0.271936642388096
"338","Pakuranga",2017,"Mana",0.0062,0.000883186592947499,5e-04,0.00486171429541484
"339","Pakuranga",2017,"Maori Party",0.0031,0.00296600140535952,0.00168221892539837,0.0111769261844745
"340","Pakuranga",2017,"National Party",0.6041,0.559896893009408,0.511689027905755,0.610033717461097
"341","Pakuranga",2017,"New Zealand First Party",0.0711,0.110689840157635,0.0528024844985646,0.197419611803222
"342","Pakuranga",2017,"United Future",0.0023,0.000871421587522036,5e-04,0.00647623670850915
"343","Palmerston North",2017,"ACT",0.0051,0.0021253146776618,0.000615298490812924,0.00581863438904575
"344","Palmerston North",2017,"Conservative Party",0.0451,0.000947606066284266,5e-04,0.00662907870590368
"345","Palmerston North",2017,"Green Party",0.0987,0.0977354496910818,0.0811884485051396,0.113675308488292
"346","Palmerston North",2017,"Labour Party",0.3097,0.366335794434402,0.326707038240168,0.407350838994523
"347","Palmerston North",2017,"Mana",0.0096,0.00136751472456387,5e-04,0.00752781568322298
"348","Palmerston North",2017,"Maori Party",0.0048,0.00459251830507281,0.00260472607803618,0.0116332502959625
"349","Palmerston North",2017,"National Party",0.4321,0.387896893009408,0.339689027905755,0.436688390194921
"350","Palmerston North",2017,"New Zealand First Party",0.0866,0.11959394042957,0.0643135746494472,0.198692800291182
"351","Palmerston North",2017,"United Future",0.0023,0.000871421587522036,5e-04,0.0058811031821687
"352","Papakura",2017,"ACT",0.0063,0.00262538871946457,0.000760074606298318,0.00697519666845177
"353","Papakura",2017,"Conservative Party",0.0414,0.000869864548651188,5e-04,0.00608522967681624
"354","Papakura",2017,"Green Party",0.0521,0.0515908503435194,0.0428563137499268,0.0666105048082209
"355","Papakura",2017,"Labour Party",0.2593,0.312565203063371,0.27516306515344,0.353755653456207
"356","Papakura",2017,"Mana",0.008,0.00113959560380322,5e-04,0.00627317973601915
"357","Papakura",2017,"Maori Party",0.005,0.00478387323445084,0.00271325633128769,0.0115329507028789
"358","Papakura",2017,"National Party",0.5128,0.468596893009408,0.420389027905755,0.516996099015292
"359","Papakura",2017,"New Zealand First Party",0.1081,0.138914043792461,0.0802805706651876,0.213321361538301
"360","Papakura",2017,"United Future",0.0017,0.000644094216864113,5e-04,0.00512035207559307
"361","Port Hills",2017,"ACT",0.0044,0.00183360481994351,0.000530845756779778,0.00501241939471225
"362","Port Hills",2017,"Conservative Party",0.0311,0.000653448972537489,5e-04,0.00457127156881606
"363","Port Hills",2017,"Green Party",0.1709,0.169229871856189,0.140578580035748,0.183560199860958
"364","Port Hills",2017,"Labour Party",0.2387,0.287109784101941,0.25328989389031,0.325000065841811
"365","Port Hills",2017,"Mana",0.0075,0.00106837087856552,5e-04,0.00588110600251795
"366","Port Hills",2017,"Maori Party",0.004,0.00382709858756068,0.00217060506503015,0.00994804873799972
"367","Port Hills",2017,"National Party",0.4696,0.425396893009408,0.377189027905755,0.473305180877191
"368","Port Hills",2017,"New Zealand First Party",0.0662,0.0945170071181639,0.0491634947089308,0.170111957423531
"369","Port Hills",2017,"United Future",0.002,0.000757757902193075,5e-04,0.00508876442438435
"370","Rangitata",2017,"ACT",0.0046,0.00191695049357731,0.000554975109360677,0.0052656130244671
"371","Rangitata",2017,"Conservative Party",0.0437,0.000918190356909591,5e-04,0.00642329799219492
"372","Rangitata",2017,"Green Party",0.075,0.0742670590357765,0.0616933499279177,0.0891353156370882
"373","Rangitata",2017,"Labour Party",0.2228,0.275215023152045,0.238370461828085,0.31458729172528
"374","Rangitata",2017,"Mana",0.0039,0.000555552856854072,5e-04,0.00305817512130934
"375","Rangitata",2017,"Maori Party",0.0026,0.00248761408191444,0.0014108932922696,0.00902465822346236
"376","Rangitata",2017,"National Party",0.5555,0.511296893009408,0.463089027905755,0.559582206918409
"377","Rangitata",2017,"New Zealand First Party",0.0787,0.109228285913377,0.0584466319273845,0.184207481523518
"378","Rangitata",2017,"United Future",0.0031,0.00117452474839927,5e-04,0.00645442792214923
"379","Rangitikei",2017,"ACT",0.0038,0.00158356779904212,5e-04,0.004602630087936
"380","Rangitikei",2017,"Conservative Party",0.061,0.00128168447989668,5e-04,0.0089661596687389
"381","Rangitikei",2017,"Green Party",0.0781,0.0773367641425886,0.0642433417249383,0.0950324333495821
"382","Rangitikei",2017,"Labour Party",0.1849,0.248343051034588,0.203604743360356,0.293295604706025
"383","Rangitikei",2017,"Mana",0.006,0.000854696702852418,5e-04,0.00470488480201436
"384","Rangitikei",2017,"Maori Party",0.0056,0.00535793802258495,0.00303884709104221,0.013283628385117
"385","Rangitikei",2017,"National Party",0.5364,0.492196893009408,0.443989027905755,0.541820187938586
"386","Rangitikei",2017,"New Zealand First Party",0.1129,0.14968107961527,0.0838452953570738,0.232636278822808
"387","Rangitikei",2017,"United Future",0.0022,0.000833533692412382,5e-04,0.00621638401343255
"388","Rimutaka",2017,"ACT",0.0034,0.00141687645177453,5e-04,0.00407994987738286
"389","Rimutaka",2017,"Conservative Party",0.0403,0.000846752205571087,5e-04,0.00592354483033079
"390","Rimutaka",2017,"Green Party",0.0852,0.0843673790646421,0.0700836455181145,0.0995090782064629
"391","Rimutaka",2017,"Labour Party",0.3288,0.381965699548538,0.344466532220378,0.423152083623214
"392","Rimutaka",2017,"Mana",0.0087,0.00123931021913601,5e-04,0.00682208296292083
"393","Rimutaka",2017,"Maori Party",0.004,0.00382709858756068,0.00217060506503015,0.0104745957439485
"394","Rimutaka",2017,"National Party",0.4145,0.370296893009408,0.322089027905755,0.418668723700848
"395","Rimutaka",2017,"New Zealand First Party",0.1028,0.133618305750951,0.0763445204845632,0.209868377281437
"396","Rimutaka",2017,"United Future",0.0033,0.00125030053861857,5e-04,0.00670289734494989
"397","Rodney",2017,"ACT",0.0049,0.002041969004028,0.000591169138232026,0.00576806164650015
"398","Rodney",2017,"Conservative Party",0.0677,0.0014224596604755,5e-04,0.0099509673700594
"399","Rodney",2017,"Green Party",0.0852,0.0843673790646421,0.0700836455181145,0.102912382812469
"400","Rodney",2017,"Labour Party",0.1233,0.190411803701107,0.14341434899523,0.235309454242225
"401","Rodney",2017,"Mana",0.0059,0.000840451757804877,5e-04,0.00462647005531412
"402","Rodney",2017,"Maori Party",0.0036,0.00344438872880461,0.00195354455852714,0.011609649560697
"403","Rodney",2017,"National Party",0.6116,0.567396893009408,0.519189027905755,0.617518466330864
"404","Rodney",2017,"New Zealand First Party",0.0909,0.130069085266615,0.0675069738525953,0.216267732056835
"405","Rodney",2017,"United Future",0.0021,0.000795645797302728,5e-04,0.00629501726205919
"406","Rongotai",2017,"ACT",0.0031,0.00129185794132384,5e-04,0.00366926268341975
"407","Rongotai",2017,"Conservative Party",0.0162,5e-04,5e-04,0.00238117683005853
"408","Rongotai",2017,"Green Party",0.2642,0.262177082938743,0.227473645801053,0.275445543960774
"409","Rongotai",2017,"Labour Party",0.3052,0.349318895308523,0.318249893901614,0.385737744743868
"410","Rongotai",2017,"Mana",0.0147,0.00209400692198842,5e-04,0.0115269677649352
"411","Rongotai",2017,"Maori Party",0.0062,0.00593200281071905,0.00336443785079674,0.0117178328404821
"412","Rongotai",2017,"National Party",0.3273,0.283096893009408,0.234889027905755,0.330556874084475
"413","Rongotai",2017,"New Zealand First Party",0.0544,0.0803192709662566,0.0404002131747105,0.154844545863806
"414","Rongotai",2017,"United Future",0.0037,0.00140185211905719,5e-04,0.00650365524316622
"415","Rotorua",2017,"ACT",0.0042,0.00175025914630971,0.000506716404198879,0.00488364562775602
"416","Rotorua",2017,"Conservative Party",0.0401,0.000842549961374704,5e-04,0.00589414758551524
"417","Rotorua",2017,"Green Party",0.0675,0.0668403531321988,0.0555240149351259,0.0820041703806825
"418","Rotorua",2017,"Labour Party",0.2117,0.264882839517779,0.227273534352199,0.307138838706324
"419","Rotorua",2017,"Mana",0.008,0.00113959560380322,5e-04,0.00627317973601915
"420","Rotorua",2017,"Maori Party",0.0143,0.0136818774505294,0.0077599131074828,0.0207567392849665
"421","Rotorua",2017,"National Party",0.5205,0.476296893009408,0.428089027905755,0.524810334040804
"422","Rotorua",2017,"New Zealand First Party",0.122,0.152590983461879,0.0906034192521081,0.227901191664808
"423","Rotorua",2017,"United Future",0.0021,0.000795645797302728,5e-04,0.00548598430822474
"424","Selwyn",2017,"ACT",0.0039,0.00162524063585902,5e-04,0.00450220870957107
"425","Selwyn",2017,"Conservative Party",0.0349,0.000733291612268757,5e-04,0.00512981922031127
"426","Selwyn",2017,"Green Party",0.109,0.107934792465328,0.0896610018952403,0.121950462057584
"427","Selwyn",2017,"Labour Party",0.1297,0.177942348483546,0.14398069677305,0.215512010160814
"428","Selwyn",2017,"Mana",0.0051,0.000726492197424555,5e-04,0.00399915208171221
"429","Selwyn",2017,"Maori Party",0.0031,0.00296600140535952,0.00168221892539837,0.00898910030278696
"430","Selwyn",2017,"National Party",0.6358,0.591596893009408,0.543389027905755,0.639348592694302
"431","Selwyn",2017,"New Zealand First Party",0.0695,0.0977817482061063,0.0516142429346026,0.17100719279713
"432","Selwyn",2017,"United Future",0.0024,0.00090930948263169,5e-04,0.00549401662825657
"433","Tamaki",2017,"ACT",0.0137,0.00570917864391502,0.00165286065179158,0.0142784169026089
"434","Tamaki",2017,"Conservative Party",0.0306,0.000642943362046533,5e-04,0.00449777845677722
"435","Tamaki",2017,"Green Party",0.0881,0.0872390386806921,0.0724691217153273,0.101038037138673
"436","Tamaki",2017,"Labour Party",0.1481,0.196727606842517,0.162737793934583,0.233761298168441
"437","Tamaki",2017,"Mana",0.0072,0.0010256360434229,5e-04,0.00564586176241724
"438","Tamaki",2017,"Maori Party",0.0048,0.00459251830507281,0.00260472607803618,0.0107514451630867
"439","Tamaki",2017,"National Party",0.657,0.612796893009408,0.564589027905755,0.660708088754517
"440","Tamaki",2017,"New Zealand First Party",0.0442,0.0730707867352922,0.0328251732044523,0.146406602336194
"441","Tamaki",2017,"United Future",0.0019,0.000719870007083421,5e-04,0.00500475206875241
"442","Taranaki-King Country",2017,"ACT",0.0036,0.00150022212540833,5e-04,0.00436129491798809
"443","Taranaki-King Country",2017,"Conservative Party",0.0568,0.00119343735177265,5e-04,0.00834881752761261
"444","Taranaki-King Country",2017,"Green Party",0.0721,0.0713953994197264,0.0593078737307049,0.0883244220269894
"445","Taranaki-King Country",2017,"Labour Party",0.1335,0.194052088386523,0.151461222388158,0.23689639660689
"446","Taranaki-King Country",2017,"Mana",0.0057,0.000811961867709797,5e-04,0.00446964056191365
"447","Taranaki-King Country",2017,"Maori Party",0.0055,0.00526226055789593,0.00298458196441646,0.0128216766162855
"448","Taranaki-King Country",2017,"National Party",0.6146,0.570396893009408,0.522189027905755,0.619656133834483
"449","Taranaki-King Country",2017,"New Zealand First Party",0.0948,0.130080574669095,0.0704033126647529,0.211012305271391
"450","Taranaki-King Country",2017,"United Future",0.0025,0.000947197377741343,5e-04,0.00631867913042937
"451","Taupo",2017,"ACT",0.0025,0.00104182092042245,5e-04,0.00319399329115522
"452","Taupo",2017,"Conservative Party",0.0477,0.00100223524083724,5e-04,0.00701124288850567
"453","Taupo",2017,"Green Party",0.0614,0.0607999656639557,0.0505062891409886,0.0763080512958217
"454","Taupo",2017,"Labour Party",0.1863,0.24119981349382,0.202664087023723,0.282949492870764
"455","Taupo",2017,"Mana",0.0052,0.000740737142472095,5e-04,0.00407756682841245
"456","Taupo",2017,"Maori Party",0.0082,0.00784555210449938,0.00444974038331182,0.0148610646745617
"457","Taupo",2017,"National Party",0.5713,0.527096893009408,0.478889027905755,0.575630894697932
"458","Taupo",2017,"New Zealand First Party",0.1029,0.134685799444131,0.0764187855823109,0.211161982317639
"459","Taupo",2017,"United Future",0.0026,0.000985085272850997,5e-04,0.00608761110175895
"460","Tauranga",2017,"ACT",0.0036,0.00150022212540833,5e-04,0.00438231977922782
"461","Tauranga",2017,"Conservative Party",0.0578,0.00121444857275456,5e-04,0.0084958037516903
"462","Tauranga",2017,"Green Party",0.0712,0.0705041947112972,0.0585675535315698,0.0879168226681903
"463","Tauranga",2017,"Labour Party",0.1443,0.205525088107112,0.162267579194372,0.253315333750141
"464","Tauranga",2017,"Mana",0.0048,0.000683757362281934,5e-04,0.00376390784161149
"465","Tauranga",2017,"Maori Party",0.006,0.00574064788134101,0.00325590759754523,0.0134642321205222
"466","Tauranga",2017,"National Party",0.5581,0.513896893009408,0.465689027905755,0.563339243517027
"467","Tauranga",2017,"New Zealand First Party",0.145,0.180337911902096,0.107684391734063,0.261263030554484
"468","Tauranga",2017,"United Future",0.0025,0.000947197377741343,5e-04,0.00637779896681746
"469","Te Atatu",2017,"ACT",0.0136,0.00566750580709812,0.00164079597550113,0.0142616530233125
"470","Te Atatu",2017,"Conservative Party",0.0375,0.00078792078682173,5e-04,0.00551198340291326
"471","Te Atatu",2017,"Green Party",0.0811,0.0803074465040196,0.066711075722055,0.095735057302192
"472","Te Atatu",2017,"Labour Party",0.3504,0.405521169065983,0.366997417934314,0.446212724305692
"473","Te Atatu",2017,"Mana",0.0115,0.00163816868046713,5e-04,0.00901769587052753
"474","Te Atatu",2017,"Maori Party",0.0043,0.00411413098162773,0.00233340044490741,0.0109349985210458
"475","Te Atatu",2017,"National Party",0.4112,0.366996893009408,0.318789027905755,0.41564857615516
"476","Te Atatu",2017,"New Zealand First Party",0.0841,0.116353781914557,0.0624569472057565,0.193372370701147
"477","Te Atatu",2017,"United Future",0.0016,0.00060620632175446,5e-04,0.00511567869992977
"478","Tukituki",2017,"ACT",0.004,0.00166691347267592,5e-04,0.00485785979636418
"479","Tukituki",2017,"Conservative Party",0.0656,0.00137833609641348,5e-04,0.00964229629949626
"480","Tukituki",2017,"Green Party",0.0857,0.0848624927915473,0.0704949345176339,0.103008200371562
"481","Tukituki",2017,"Labour Party",0.2284,0.29430197406847,0.247996509049871,0.337849063021805
"482","Tukituki",2017,"Mana",0.0068,0.00096865626323274,5e-04,0.00533220277561628
"483","Tukituki",2017,"Maori Party",0.0052,0.00497522816382888,0.0028217865845392,0.0130550872393287
"484","Tukituki",2017,"National Party",0.52,0.475796893009408,0.427589027905755,0.525711383849682
"485","Tukituki",2017,"New Zealand First Party",0.076,0.114452490816528,0.0564414742881985,0.200153325136998
"486","Tukituki",2017,"United Future",0.0016,0.00060620632175446,5e-04,0.00571269747641955
"487","Upper Harbour",2017,"ACT",0.0135,0.00562583297028122,0.00162873129921068,0.0142235008814462
"488","Upper Harbour",2017,"Conservative Party",0.0485,0.00101904421762277,5e-04,0.00712883186776782
"489","Upper Harbour",2017,"Green Party",0.07,0.0693159217667247,0.0575804599327232,0.0857614296039626
"490","Upper Harbour",2017,"Labour Party",0.2345,0.294129756349626,0.252395144585335,0.335403267481274
"491","Upper Harbour",2017,"Mana",0.0086,0.00122506527408847,5e-04,0.00674366821622059
"492","Upper Harbour",2017,"Maori Party",0.0036,0.00344438872880461,0.00195354455852714,0.0107574000485116
"493","Upper Harbour",2017,"National Party",0.5446,0.500396893009408,0.452189027905755,0.549552943152476
"494","Upper Harbour",2017,"New Zealand First Party",0.0695,0.104461777734928,0.0516142429346026,0.184858460622502
"495","Upper Harbour",2017,"United Future",0.0021,0.000795645797302728,5e-04,0.00583471569161488
"496","Waikato",2017,"ACT",0.0053,0.00220866035129559,0.000639427843393823,0.00606092416093301
"497","Waikato",2017,"Conservative Party",0.0572,0.00120184184016541,5e-04,0.00840761201724369
"498","Waikato",2017,"Green Party",0.0578,0.0572351468302384,0.0475450083444486,0.0741567949696803
"499","Waikato",2017,"Labour Party",0.1478,0.20856275062624,0.16580935327557,0.252475903982441
"500","Waikato",2017,"Mana",0.005,0.000712247252377015,5e-04,0.00392073733501197
"501","Waikato",2017,"Maori Party",0.0055,0.00526226055789593,0.00298458196441646,0.0128903432879995
"502","Waikato",2017,"National Party",0.6021,0.557896893009408,0.509689027905755,0.607210867917744
"503","Waikato",2017,"New Zealand First Party",0.1079,0.143142166960493,0.0801320404696923,0.223779911027743
"504","Waikato",2017,"United Future",0.0022,0.000833533692412382,5e-04,0.00605469009696587
"505","Waimakariri",2017,"ACT",0.0022,0.000916802409971755,5e-04,0.0028634749060483
"506","Waimakariri",2017,"Conservative Party",0.0433,0.000909785868516824,5e-04,0.00636450350256385
"507","Waimakariri",2017,"Green Party",0.0887,0.0878331751529783,0.0729626685147506,0.102483679233073
"508","Waimakariri",2017,"Labour Party",0.1896,0.241056873991694,0.204704785996745,0.28034915945076
"509","Waimakariri",2017,"Mana",0.0039,0.000555552856854072,5e-04,0.00305817512130934
"510","Waimakariri",2017,"Maori Party",0.0026,0.00248761408191444,0.0014108932922696,0.00889030019565414
"511","Waimakariri",2017,"National Party",0.5751,0.530896893009408,0.482689027905755,0.579103034923671
"512","Waimakariri",2017,"New Zealand First Party",0.0847,0.114540833118261,0.0629025377922423,0.189350649079734
"513","Waimakariri",2017,"United Future",0.0018,0.000681982111973767,5e-04,0.0051338887843062
"514","Wairarapa",2017,"ACT",0.0033,0.00137520361495763,5e-04,0.00397758395083076
"515","Wairarapa",2017,"Conservative Party",0.0434,0.000911886990615014,5e-04,0.00637920212497161
"516","Wairarapa",2017,"Green Party",0.0838,0.0829810606293076,0.06893203631946,0.0980781354623641
"517","Wairarapa",2017,"Labour Party",0.2062,0.258929205711691,0.221673934763388,0.300869180094408
"518","Wairarapa",2017,"Mana",0.0044,0.000626777582091773,5e-04,0.00345024885481053
"519","Wairarapa",2017,"Maori Party",0.0056,0.00535793802258495,0.00303884709104221,0.0120578410481967
"520","Wairarapa",2017,"National Party",0.5248,0.480596893009408,0.432389027905755,0.529038435172924
"521","Wairarapa",2017,"New Zealand First Party",0.1174,0.147630705681,0.0871872247557172,0.223243764381078
"522","Wairarapa",2017,"United Future",0.0016,0.00060620632175446,5e-04,0.00498401110029453
"523","Waitaki",2017,"ACT",0.0027,0.00112516659405624,5e-04,0.00337298861953643
"524","Waitaki",2017,"Conservative Party",0.0439,0.000922392601105972,5e-04,0.00645269523701045
"525","Waitaki",2017,"Green Party",0.1106,0.109519156391425,0.0909771266937026,0.124500935629849
"526","Waitaki",2017,"Labour Party",0.1807,0.233092097240256,0.196284634898378,0.272046918691962
"527","Waitaki",2017,"Mana",0.004,0.000569797801901612,5e-04,0.00313658986800958
"528","Waitaki",2017,"Maori Party",0.0026,0.00248761408191444,0.0014108932922696,0.00897170403452881
"529","Waitaki",2017,"National Party",0.5716,0.527396893009408,0.479189027905755,0.575710220142463
"530","Waitaki",2017,"New Zealand First Party",0.0697,0.100310083756477,0.0517627731300978,0.176582936745819
"531","Waitaki",2017,"United Future",0.0024,0.00090930948263169,5e-04,0.00576536134422295
"532","Wellington Central",2017,"ACT",0.007,0.00291709857718286,0.000844527340331465,0.00755345275538871
"533","Wellington Central",2017,"Conservative Party",0.0151,5e-04,5e-04,0.00221949198357307
"534","Wellington Central",2017,"Green Party",0.2958,0.293777082938743,0.259073645801053,0.30709120894333
"535","Wellington Central",2017,"Labour Party",0.2384,0.282687700718719,0.251889315449185,0.318862777609484
"536","Wellington Central",2017,"Mana",0.0148,0.00210825186703596,5e-04,0.0116053825116354
"537","Wellington Central",2017,"Maori Party",0.0077,0.0073671647810543,0.00417841475018305,0.0131383735738738
"538","Wellington Central",2017,"National Party",0.3764,0.332196893009408,0.283989027905755,0.379660978541337
"539","Wellington Central",2017,"New Zealand First Party",0.0358,0.0620639914746075,0.0265869049936514,0.137156832939627
"540","Wellington Central",2017,"United Future",0.003,0.00113663685328961,5e-04,0.00578751998645921
"541","West Coast-Tasman",2017,"ACT",0.0026,0.00108349375723935,5e-04,0.00336350807662413
"542","West Coast-Tasman",2017,"Conservative Party",0.0512,0.00107577451427394,5e-04,0.00752569467277757
"543","West Coast-Tasman",2017,"Green Party",0.1299,0.128630546249965,0.106852882075153,0.14529495413346
"544","West Coast-Tasman",2017,"Labour Party",0.2353,0.294082743428499,0.252975568819984,0.335597502536953
"545","West Coast-Tasman",2017,"Mana",0.0076,0.00108261582361306,5e-04,0.00595952074921819
"546","West Coast-Tasman",2017,"Maori Party",0.0028,0.00267896901129247,0.00151942354552111,0.00989329598166582
"547","West Coast-Tasman",2017,"National Party",0.4478,0.403596893009408,0.355389027905755,0.452680586719363
"548","West Coast-Tasman",2017,"New Zealand First Party",0.0871,0.121396248372849,0.0646849001381854,0.203068100558379
"549","West Coast-Tasman",2017,"United Future",0.002,0.000757757902193075,5e-04,0.00574202217002917
"550","Whanganui",2017,"ACT",0.0047,0.0019586233303942,0.000567039785651126,0.00543678157704734
"551","Whanganui",2017,"Conservative Party",0.0502,0.00105476329329202,5e-04,0.00737870844869988
"552","Whanganui",2017,"Green Party",0.0721,0.0713953994197264,0.0593078737307049,0.0877836808023893
"553","Whanganui",2017,"Labour Party",0.2553,0.313555869538987,0.272689178803951,0.357573477418297
"554","Whanganui",2017,"Mana",0.0073,0.00103988098847044,5e-04,0.00572427650911748
"555","Whanganui",2017,"Maori Party",0.0058,0.00554929295196298,0.00314737734429372,0.0129344118434061
"556","Whanganui",2017,"National Party",0.4728,0.428596893009408,0.380389027905755,0.477641267301738
"557","Whanganui",2017,"New Zealand First Party",0.1196,0.153216566205132,0.088821056906165,0.232315917295146
"558","Whanganui",2017,"United Future",0.0021,0.000795645797302728,5e-04,0.00580067009238218
"559","Whangarei",2017,"ACT",0.0056,0.00233367886174629,0.000675621872265172,0.00639451395564911
"560","Whangarei",2017,"Conservative Party",0.0523,0.00109888685735404,5e-04,0.00768737951926302
"561","Whangarei",2017,"Green Party",0.098,0.0970422904734146,0.0806126439058124,0.114511727625437
"562","Whangarei",2017,"Labour Party",0.1785,0.240321700784999,0.196967322437909,0.286563665932983
"563","Whangarei",2017,"Mana",0.0105,0.00149571922999173,5e-04,0.00823354840352514
"564","Whangarei",2017,"Maori Party",0.0053,0.00507090562851789,0.00287605171116495,0.0128033552739452
"565","Whangarei",2017,"National Party",0.5024,0.458196893009408,0.409989027905755,0.507758170683323
"566","Whangarei",2017,"New Zealand First Party",0.134,0.16976169383588,0.0995152309818237,0.252443685509201
"567","Whangarei",2017,"United Future",0.0025,0.000947197377741343,5e-04,0.00638769074010234
"568","Wigram",2017,"ACT",0.0104,0.00433397502895739,0.00125472633420675,0.0110477526274486
"569","Wigram",2017,"Conservative Party",0.0361,0.000758505077447055,5e-04,0.0053062026892045
"570","Wigram",2017,"Green Party",0.1282,0.126947159578487,0.105454499476787,0.142152407925742
"571","Wigram",2017,"Labour Party",0.2867,0.339735912541347,0.302668921634311,0.379456260033163
"572","Wigram",2017,"Mana",0.0076,0.00108261582361306,5e-04,0.00595952074921819
"573","Wigram",2017,"Maori Party",0.0047,0.00449684084038379,0.00255046095141043,0.011138435068277
"574","Wigram",2017,"National Party",0.4291,0.384896893009408,0.336689027905755,0.433330086506093
"575","Wigram",2017,"New Zealand First Party",0.0856,0.11646697920936,0.0635709236719709,0.192910031110237
"576","Wigram",2017,"United Future",0.0028,0.0010608610630703,5e-04,0.00614458097473935
