,Electoral District,Year,Party,2014 Percent,median,lowr,upr
1,Auckland Central,2017,ACT,0.0117,0.007159052,0.001984953,0.016539541
2,Auckland Central,2017,Conservative Party,0.0173,0.000257251,4.27E-05,0.001450593
3,Auckland Central,2017,Green Party,0.2217,0.238128485,0.222821664,0.255716389
4,Auckland Central,2017,Labour Party,0.2167,0.208656067,0.17608879,0.243339451
5,Auckland Central,2017,Mana,0.0196,0.001341554,0.000224371,0.007683962
6,Auckland Central,2017,Maori Party,0.0056,0.005245719,0.002873648,0.011603153
7,Auckland Central,2017,National Party,0.4493,0.425648614,0.381642711,0.464296128
8,Auckland Central,2017,New Zealand First Party,0.0518,0.093295335,0.051277509,0.15481099
9,Auckland Central,2017,United Future,0.0019,0.002518374,0.000628515,0.008799219
10,Bay of Plenty,2017,ACT,0.0025,0.001529712,0.000424135,0.008707895
11,Bay of Plenty,2017,Conservative Party,0.0566,0.000841641,0.000139733,0.004745872
12,Bay of Plenty,2017,Green Party,0.0723,0.092728919,0.073718085,0.11422756
13,Bay of Plenty,2017,Labour Party,0.1307,0.125848399,0.106205837,0.166501329
14,Bay of Plenty,2017,Mana,0.0051,0.000349078,5.84E-05,0.001999399
15,Bay of Plenty,2017,Maori Party,0.0057,0.005339392,0.002924964,0.01340577
16,Bay of Plenty,2017,National Party,0.5766,0.552948614,0.508942711,0.595081144
17,Bay of Plenty,2017,New Zealand First Party,0.1394,0.191250904,0.137993917,0.253827644
18,Bay of Plenty,2017,United Future,0.0021,0.002892006,0.000694675,0.010719929
19,Botany,2017,ACT,0.0241,0.014746424,0.004088664,0.029896014
20,Botany,2017,Conservative Party,0.0453,0.00067361,0.000111835,0.003798375
21,Botany,2017,Green Party,0.0435,0.064430063,0.044907808,0.086331052
22,Botany,2017,Labour Party,0.2227,0.214433347,0.180964345,0.257257763
23,Botany,2017,Mana,0.0061,0.000417525,6.98E-05,0.002391437
24,Botany,2017,Maori Party,0.0021,0.001967145,0.001077618,0.009818906
25,Botany,2017,National Party,0.5965,0.572848614,0.528842711,0.616537681
26,Botany,2017,New Zealand First Party,0.0544,0.107459473,0.053851284,0.17414504
27,Botany,2017,United Future,0.0015,0.002287273,0.000496196,0.010319353
28,Christchurch Central,2017,ACT,0.0049,0.002998235,0.000831305,0.010259574
29,Christchurch Central,2017,Conservative Party,0.0311,0.000462456,7.68E-05,0.002607714
30,Christchurch Central,2017,Green Party,0.1582,0.17568914,0.159376442,0.194851298
31,Christchurch Central,2017,Labour Party,0.2625,0.252755966,0.213305526,0.29043889
32,Christchurch Central,2017,Mana,0.0103,0.000705,0.000117909,0.004038001
33,Christchurch Central,2017,Maori Party,0.0046,0.004308983,0.002360497,0.01099507
34,Christchurch Central,2017,National Party,0.4466,0.422948614,0.378942711,0.46328654
35,Christchurch Central,2017,New Zealand First Party,0.0719,0.116388582,0.071174767,0.180391146
36,Christchurch Central,2017,United Future,0.0023,0.002959987,0.000760834,0.009717221
37,Christchurch East,2017,ACT,0.0033,0.00201922,0.000559859,0.008870465
38,Christchurch East,2017,Conservative Party,0.0326,0.000484762,8.05E-05,0.002733488
39,Christchurch East,2017,Green Party,0.1266,0.14456405,0.127822239,0.165151678
40,Christchurch East,2017,Labour Party,0.3216,0.309721558,0.261629594,0.349504325
41,Christchurch East,2017,Mana,0.0088,0.00060233,1.01E-04,0.003449943
42,Christchurch East,2017,Maori Party,0.004,0.003746942,0.002052606,0.010653291
43,Christchurch East,2017,National Party,0.3979,0.374248614,0.330242711,0.415982508
44,Christchurch East,2017,New Zealand First Party,0.0945,0.1402327,0.093546808,0.207631415
45,Christchurch East,2017,United Future,0.0023,0.002978969,0.000760834,0.00994918
46,Clutha-Southland,2017,ACT,0.0036,0.002202785,0.000610755,0.009376842
47,Clutha-Southland,2017,Conservative Party,0.0504,0.000749447,0.000124426,0.004226006
48,Clutha-Southland,2017,Green Party,0.0773,0.096434789,0.078636333,0.116315059
49,Clutha-Southland,2017,Labour Party,0.1471,0.141639629,0.119532354,0.180149598
50,Clutha-Southland,2017,Mana,0.0046,0.000314855,5.27E-05,0.001803379
51,Clutha-Southland,2017,Maori Party,0.0033,0.003091227,0.0016934,0.010334407
52,Clutha-Southland,2017,National Party,0.6338,0.610148614,0.566142711,0.651000408
53,Clutha-Southland,2017,New Zealand First Party,0.0624,0.111085712,0.061770591,0.172488577
54,Clutha-Southland,2017,United Future,0.002,0.002734736,0.000661595,0.010029729
55,Coromandel,2017,ACT,0.0037,0.002263974,0.00062772,0.00984803
56,Coromandel,2017,Conservative Party,0.0528,0.000785135,0.000130351,0.004427245
57,Coromandel,2017,Green Party,0.0982,0.118538585,0.099596113,0.139807045
58,Coromandel,2017,Labour Party,0.1571,0.151268428,0.127658279,0.19221273
59,Coromandel,2017,Mana,0.0068,0.000465437,7.79E-05,0.002665864
60,Coromandel,2017,Maori Party,0.0049,0.004590004,0.002514442,0.012429831
61,Coromandel,2017,National Party,0.5417,0.518048614,0.474042711,0.560364637
62,Coromandel,2017,New Zealand First Party,0.125,0.176716215,0.123739165,0.239861267
63,Coromandel,2017,United Future,0.0017,0.002477787,0.000562356,0.010267096
64,Dunedin North,2017,ACT,0.0032,0.001958032,0.000542893,0.008912243
65,Dunedin North,2017,Conservative Party,0.0273,0.000405951,6.74E-05,0.002289087
66,Dunedin North,2017,Green Party,0.2294,0.247830382,0.230647246,0.268494698
67,Dunedin North,2017,Labour Party,0.3182,0.306388374,0.258566927,0.346979342
68,Dunedin North,2017,Mana,0.0172,0.001177282,0.000196897,0.006743069
69,Dunedin North,2017,Maori Party,0.0035,0.003278574,0.00179603,0.010299207
70,Dunedin North,2017,National Party,0.3226,0.298948614,0.254942711,0.340778524
71,Dunedin North,2017,New Zealand First Party,0.0675,0.114407542,0.066819149,0.182928821
72,Dunedin North,2017,United Future,0.0025,0.003193305,0.000826994,0.010362863
73,Dunedin South,2017,ACT,0.0033,0.00201922,0.000559859,0.008506479
74,Dunedin South,2017,Conservative Party,0.0293,0.000435691,7.23E-05,0.002456785
75,Dunedin South,2017,Green Party,0.1229,0.139904321,0.124050795,0.159796538
76,Dunedin South,2017,Labour Party,0.3327,0.320821558,0.272729594,0.359078909
77,Dunedin South,2017,Mana,0.0082,0.000561263,9.39E-05,0.003214719
78,Dunedin South,2017,Maori Party,0.0025,0.002341839,0.001282878,0.008841891
79,Dunedin South,2017,National Party,0.3987,0.375048614,0.331042711,0.415581693
80,Dunedin South,2017,New Zealand First Party,0.0911,0.134409263,0.090181103,0.20071192
81,Dunedin South,2017,United Future,0.0017,0.002339519,0.000562356,0.008986004
82,East Coast,2017,ACT,0.0023,0.001407335,0.000390204,0.008303911
83,East Coast,2017,Conservative Party,0.0408,0.000606696,0.000100726,0.003421053
84,East Coast,2017,Green Party,0.0921,0.111636308,0.093411357,0.132418706
85,East Coast,2017,Labour Party,0.2274,0.218958882,0.18478353,0.259757119
86,East Coast,2017,Mana,0.0117,0.000800826,0.000133936,0.004586855
87,East Coast,2017,Maori Party,0.0095,0.008898986,0.004874939,0.016593711
88,East Coast,2017,National Party,0.4862,0.462548614,0.418542711,0.504629091
89,East Coast,2017,New Zealand First Party,0.1184,0.16789531,0.117205737,0.232911082
90,East Coast,2017,United Future,0.0022,0.002940714,0.000727754,0.010437006
91,East Coast Bays,2017,ACT,0.0176,0.010769172,0.002985912,0.024521127
92,East Coast Bays,2017,Conservative Party,0.067,0.000996289,0.000165408,0.005617905
93,East Coast Bays,2017,Green Party,0.0823,0.10634997,0.083875748,0.131347672
94,East Coast Bays,2017,Labour Party,0.1215,0.116989904,0.098729986,0.163146857
95,East Coast Bays,2017,Mana,0.0067,0.000458592,7.67E-05,0.002626661
96,East Coast Bays,2017,Maori Party,0.0038,0.003559595,0.001949975,0.012915407
97,East Coast Bays,2017,National Party,0.6338,0.610148614,0.566142711,0.656921342
98,East Coast Bays,2017,New Zealand First Party,0.0596,0.121058013,0.058998834,0.189942968
99,East Coast Bays,2017,United Future,0.0021,0.003019469,0.000694675,0.012189912
100,Epsom,2017,ACT,0.0272,0.016643266,0.004614591,0.031459381
101,Epsom,2017,Conservative Party,0.0248,0.000368776,6.12E-05,0.002079463
102,Epsom,2017,Green Party,0.1252,0.141065363,0.12629328,0.158848402
103,Epsom,2017,Labour Party,0.1342,0.129218479,0.109049911,0.16207161
104,Epsom,2017,Mana,0.0083,0.000568107,9.50E-05,0.003253923
105,Epsom,2017,Maori Party,0.0046,0.004308983,0.002360497,0.010469916
106,Epsom,2017,National Party,0.636,0.612348614,0.568342711,0.649853699
107,Epsom,2017,New Zealand First Party,0.0348,0.075434846,0.034448984,0.134425313
108,Epsom,2017,United Future,0.0016,0.00220414,0.000529276,0.008379891
109,Hamilton East,2017,ACT,0.0072,0.004405571,0.001221509,0.01355611
110,Hamilton East,2017,Conservative Party,0.0481,0.000715246,0.000118748,0.004033153
111,Hamilton East,2017,Green Party,0.1102,0.13160198,0.111604742,0.153624464
112,Hamilton East,2017,Labour Party,0.2377,0.228876545,0.193153232,0.272526801
113,Hamilton East,2017,Mana,0.01,0.000684466,0.000114474,0.003920389
114,Hamilton East,2017,Maori Party,0.0064,0.005995107,0.003284169,0.014156362
115,Hamilton East,2017,National Party,0.5003,0.476648614,0.432642711,0.52068419
116,Hamilton East,2017,New Zealand First Party,0.0714,0.125505698,0.070679811,0.193165062
117,Hamilton East,2017,United Future,0.003,0.003800293,0.000992392,0.011895453
118,Hamilton West,2017,ACT,0.0048,0.002937047,0.00081434,0.011060926
119,Hamilton West,2017,Conservative Party,0.0467,0.000694428,0.000115291,0.003915764
120,Hamilton West,2017,Green Party,0.0821,0.102573867,0.083496606,0.124359469
121,Hamilton West,2017,Labour Party,0.2569,0.247363838,0.208755008,0.289962517
122,Hamilton West,2017,Mana,0.0072,0.000492816,8.24E-05,0.00282268
123,Hamilton West,2017,Maori Party,0.0056,0.005245719,0.002873648,0.013117267
124,Hamilton West,2017,National Party,0.4773,0.453648614,0.409642711,0.496940018
125,Hamilton West,2017,New Zealand First Party,0.1082,0.160044901,0.107108621,0.226320939
126,Hamilton West,2017,United Future,0.0026,0.0033698,0.000860074,0.011185554
127,Helensville,2017,ACT,0.0074,0.004527948,0.001255441,0.013241144
128,Helensville,2017,Conservative Party,0.0478,0.000710785,0.000118007,0.004007998
129,Helensville,2017,Green Party,0.1358,0.15542814,0.137186557,0.176076721
130,Helensville,2017,Labour Party,0.1253,0.120648847,0.101817837,0.159969728
131,Helensville,2017,Mana,0.0096,0.000657088,0.000109895,0.003763574
132,Helensville,2017,Maori Party,0.0054,0.005058371,0.002771018,0.012667897
133,Helensville,2017,National Party,0.5851,0.561448614,0.517442711,0.603033354
134,Helensville,2017,New Zealand First Party,0.0738,0.123906471,0.073055603,0.186042601
135,Helensville,2017,United Future,0.0026,0.003359178,0.000860074,0.010895726
136,Hunua,2017,ACT,0.0087,0.005323398,0.00147599,0.014431619
137,Hunua,2017,Conservative Party,0.0504,0.000749447,0.000124426,0.004226006
138,Hunua,2017,Green Party,0.0579,0.077333716,0.059269194,0.097588566
139,Hunua,2017,Labour Party,0.131,0.126137263,0.106449615,0.165036896
140,Hunua,2017,Mana,0.0046,0.000314855,5.27E-05,0.001803379
141,Hunua,2017,Maori Party,0.004,0.003746942,0.002052606,0.011245862
142,Hunua,2017,National Party,0.6391,0.615448614,0.571442711,0.656866258
143,Hunua,2017,New Zealand First Party,0.0958,0.145091924,0.094833696,0.206544493
144,Hunua,2017,United Future,0.0023,0.003051268,0.000760834,0.010510671
145,Hutt South,2017,ACT,0.0066,0.00403844,0.001119717,0.012190335
146,Hutt South,2017,Conservative Party,0.0357,0.000530858,8.81E-05,0.002993421
147,Hutt South,2017,Green Party,0.1275,0.145874798,0.128755301,0.165818889
148,Hutt South,2017,Labour Party,0.2798,0.269413787,0.227363376,0.308926582
149,Hutt South,2017,Mana,0.0072,0.000492816,8.24E-05,0.00282268
150,Hutt South,2017,Maori Party,0.0053,0.004964698,0.002719703,0.011961013
151,Hutt South,2017,National Party,0.453,0.429348614,0.385342711,0.470824538
152,Hutt South,2017,New Zealand First Party,0.0748,0.121363103,0.074045516,0.187279329
153,Hutt South,2017,United Future,0.0035,0.004184771,0.001157791,0.011227834
154,Ilam,2017,ACT,0.0099,0.00605766,0.001679575,0.015097913
155,Ilam,2017,Conservative Party,0.0368,0.000547215,9.09E-05,0.003085655
156,Ilam,2017,Green Party,0.1296,0.147190112,0.13082557,0.165458876
157,Ilam,2017,Labour Party,0.1767,0.170140873,0.143585091,0.206202864
158,Ilam,2017,Mana,0.0066,0.000451748,7.56E-05,0.002587457
159,Ilam,2017,Maori Party,0.0048,0.00449633,0.002463127,0.011213383
160,Ilam,2017,National Party,0.5772,0.553548614,0.509542711,0.592816516
161,Ilam,2017,New Zealand First Party,0.0512,0.095691259,0.050683561,0.156286033
162,Ilam,2017,United Future,0.0026,0.003261631,0.000860074,0.009916201
163,Invercargill,2017,ACT,0.0033,0.00201922,0.000559859,0.008748373
164,Invercargill,2017,Conservative Party,0.0368,0.000547215,9.09E-05,0.003085655
165,Invercargill,2017,Green Party,0.0757,0.093370806,0.076935462,0.11270994
166,Invercargill,2017,Labour Party,0.2507,0.241393983,0.203716934,0.279389613
167,Invercargill,2017,Mana,0.0062,0.000424369,7.10E-05,0.002430641
168,Invercargill,2017,Maori Party,0.0032,0.002997554,0.001642084,0.009690729
169,Invercargill,2017,National Party,0.4948,0.471148614,0.427142711,0.511456115
170,Invercargill,2017,New Zealand First Party,0.1116,0.156411021,0.110474326,0.218877645
171,Invercargill,2017,United Future,0.002,0.002672111,0.000661595,0.0094785
172,Kaikoura,2017,ACT,0.0039,0.002386351,0.000661651,0.009584895
173,Kaikoura,2017,Conservative Party,0.0466,0.000692941,0.000115045,0.003907379
174,Kaikoura,2017,Green Party,0.0918,0.110521511,0.093091428,0.130070678
175,Kaikoura,2017,Labour Party,0.171,0.164652458,0.138953314,0.202823118
176,Kaikoura,2017,Mana,0.0046,0.000314855,5.27E-05,0.001803379
177,Kaikoura,2017,Maori Party,0.0036,0.003372248,0.001847345,0.010526943
178,Kaikoura,2017,National Party,0.5664,0.542748614,0.498742711,0.583468765
179,Kaikoura,2017,New Zealand First Party,0.0985,0.145938139,0.097506462,0.207343737
180,Kaikoura,2017,United Future,0.0026,0.003310274,0.000860074,0.010464523
181,Kelston,2017,ACT,0.01,0.006118848,0.001696541,0.014771334
182,Kelston,2017,Conservative Party,0.0296,0.000440151,7.31E-05,0.00248194
183,Kelston,2017,Green Party,0.1074,0.123946414,0.108531817,0.141804322
184,Kelston,2017,Labour Party,0.4213,0.417060881,0.399898061,0.4508681
185,Kelston,2017,Mana,0.0141,0.000965097,0.000161409,0.005527748
186,Kelston,2017,Maori Party,0.0031,0.00290388,0.00159077,0.009270968
187,Kelston,2017,National Party,0.3232,0.299548614,0.255542711,0.337424909
188,Kelston,2017,New Zealand First Party,0.0845,0.12628964,0.083647675,0.184174649
189,Kelston,2017,United Future,0.0016,0.002238254,0.000529276,0.008694834
190,Mana,2017,ACT,0.0022,0.001346147,0.000373239,0.007353229
191,Mana,2017,Conservative Party,0.0267,0.000397029,6.59E-05,0.002238778
192,Mana,2017,Green Party,0.128,0.144779536,0.129114728,0.164138169
193,Mana,2017,Labour Party,0.3439,0.332021558,0.283929594,0.36975977
194,Mana,2017,Mana,0.0096,0.000657088,0.000109895,0.003763574
195,Mana,2017,Maori Party,0.0062,0.005807759,0.003181539,0.012443602
196,Mana,2017,National Party,0.4053,0.381648614,0.337642711,0.421805808
197,Mana,2017,New Zealand First Party,0.068,0.110717621,0.067314106,0.177240527
198,Mana,2017,United Future,0.0032,0.00382367,0.001058551,0.010376265
199,Mangere,2017,ACT,0.0025,0.001529712,0.000424135,0.007402732
200,Mangere,2017,Conservative Party,0.0307,0.000456508,7.58E-05,0.002574174
201,Mangere,2017,Green Party,0.0397,0.054825899,0.040712585,0.074073726
202,Mangere,2017,Labour Party,0.6756,0.663721558,0.615629594,0.697627522
203,Mangere,2017,Mana,0.0119,0.000814515,0.000136225,0.004665263
204,Mangere,2017,Maori Party,0.0045,0.004215309,0.002309181,0.010333593
205,Mangere,2017,National Party,0.1566,0.145025603,0.123490214,0.1746305
206,Mangere,2017,New Zealand First Party,0.0735,0.112148178,0.072758629,0.164378751
207,Mangere,2017,United Future,0.001,0.001586863,0.000330797,0.007731645
208,Manukau East,2017,ACT,0.0067,0.004099628,0.001136682,0.010987248
209,Manukau East,2017,Conservative Party,0.0208,0.000309296,5.14E-05,0.001744066
210,Manukau East,2017,Green Party,0.0365,0.050236926,0.037370738,0.068022333
211,Manukau East,2017,Labour Party,0.637,0.625121558,0.577029594,0.657513125
212,Manukau East,2017,Mana,0.0104,0.000711845,0.000119054,0.004077205
213,Manukau East,2017,Maori Party,0.0032,0.002997554,0.001642084,0.008454637
214,Manukau East,2017,National Party,0.2029,0.187903544,0.16000105,0.218303766
215,Manukau East,2017,New Zealand First Party,0.078,0.113092643,0.077213239,0.167013614
216,Manukau East,2017,United Future,7.00E-04,0.001225452,0.000231559,0.006810171
217,Manurewa,2017,ACT,0.0057,0.003487743,0.000967029,0.010880333
218,Manurewa,2017,Conservative Party,0.0282,0.000419334,6.96E-05,0.002364552
219,Manurewa,2017,Green Party,0.0397,0.056838166,0.040825451,0.076734634
220,Manurewa,2017,Labour Party,0.5303,0.518421558,0.470329594,0.556448893
221,Manurewa,2017,Mana,0.0115,0.000787136,0.000131646,0.004508448
222,Manurewa,2017,Maori Party,0.0069,0.006463474,0.003540745,0.013154523
223,Manurewa,2017,National Party,0.2769,0.256434161,0.218355303,0.294603598
224,Manurewa,2017,New Zealand First Party,0.0949,0.138207215,0.093942774,0.201722291
225,Manurewa,2017,United Future,9.00E-04,0.001542732,0.000297718,0.008201361
226,Maungakiekie,2017,ACT,0.0148,0.009055895,0.002510881,0.020436024
227,Maungakiekie,2017,Conservative Party,0.0317,0.000471379,7.83E-05,0.002658024
228,Maungakiekie,2017,Green Party,0.0946,0.113906798,0.095873712,0.135264554
229,Maungakiekie,2017,Labour Party,0.353,0.341121558,0.293029594,0.383375352
230,Maungakiekie,2017,Mana,0.0109,0.000746068,0.000124777,0.004273224
231,Maungakiekie,2017,Maori Party,0.0054,0.005058371,0.002771018,0.012482444
232,Maungakiekie,2017,National Party,0.4165,0.392848614,0.348842711,0.435769145
233,Maungakiekie,2017,New Zealand First Party,0.0661,0.11486284,0.065433271,0.184130688
234,Maungakiekie,2017,United Future,0.0023,0.003023218,0.000760834,0.010495854
235,Mt Albert,2017,ACT,0.0097,0.005935283,0.001645645,0.014649669
236,Mt Albert,2017,Conservative Party,0.0196,0.000291452,4.84E-05,0.001643447
237,Mt Albert,2017,Green Party,0.2178,0.234640876,0.21891506,0.253735698
238,Mt Albert,2017,Labour Party,0.2945,0.283568121,0.239308485,0.320604467
239,Mt Albert,2017,Mana,0.0164,0.001122525,0.000187739,0.006429438
240,Mt Albert,2017,Maori Party,0.0048,0.00449633,0.002463127,0.011052791
241,Mt Albert,2017,National Party,0.3908,0.367148614,0.323142711,0.406805865
242,Mt Albert,2017,New Zealand First Party,0.0411,0.083773226,0.040685438,0.149227726
243,Mt Albert,2017,United Future,0.0016,0.002234991,0.000529276,0.008826143
244,Mt Roskill,2017,ACT,0.018,0.011013926,0.003053774,0.023867662
245,Mt Roskill,2017,Conservative Party,0.0366,0.000544241,9.04E-05,0.003068885
246,Mt Roskill,2017,Green Party,0.0967,0.116885157,0.098022094,0.139205888
247,Mt Roskill,2017,Labour Party,0.3563,0.344421558,0.296329594,0.387882254
248,Mt Roskill,2017,Mana,0.009,0.00061602,1.03E-04,0.003528351
249,Mt Roskill,2017,Maori Party,0.0039,0.003653268,0.002001291,0.011318321
250,Mt Roskill,2017,National Party,0.4208,0.397148614,0.353142711,0.440869229
251,Mt Roskill,2017,New Zealand First Party,0.0532,0.104340647,0.052663389,0.174785418
252,Mt Roskill,2017,United Future,0.002,0.00275268,0.000661595,0.010549463
253,Napier,2017,ACT,0.0028,0.001713278,0.000475031,0.009984021
254,Napier,2017,Conservative Party,0.0623,0.0009264,0.000153805,0.005223813
255,Napier,2017,Green Party,0.0877,0.111130909,0.089214566,0.135390527
256,Napier,2017,Labour Party,0.2596,0.249963614,0.210949008,0.297306678
257,Napier,2017,Mana,0.006,0.00041068,6.87E-05,0.002352233
258,Napier,2017,Maori Party,0.0044,0.004121636,0.002257867,0.01305625
259,Napier,2017,National Party,0.4938,0.470148614,0.426142711,0.516505831
260,Napier,2017,New Zealand First Party,0.0743,0.13371784,0.07355056,0.20425468
261,Napier,2017,United Future,0.0017,0.002584239,0.000562356,0.011507653
262,Nelson,2017,ACT,0.004,0.002447539,0.000678616,0.01074715
263,Nelson,2017,Conservative Party,0.055,0.000817849,0.000135782,0.004611713
264,Nelson,2017,Green Party,0.1414,0.16361559,0.142857544,0.18668963
265,Nelson,2017,Labour Party,0.2471,0.237927616,0.200791602,0.283061387
266,Nelson,2017,Mana,0.0083,0.000568107,9.50E-05,0.003253923
267,Nelson,2017,Maori Party,0.0033,0.003091227,0.0016934,0.011462793
268,Nelson,2017,National Party,0.4443,0.420648614,0.376642711,0.465758809
269,Nelson,2017,New Zealand First Party,0.0767,0.1331483,0.075926352,0.2018101
270,Nelson,2017,United Future,0.0025,0.003336454,0.000826994,0.01176271
271,New Lynn,2017,ACT,0.0162,0.009912534,0.002748397,0.022216716
272,New Lynn,2017,Conservative Party,0.0368,0.000547215,9.09E-05,0.003085655
273,New Lynn,2017,Green Party,0.1005,0.120998779,0.101843068,0.143535439
274,New Lynn,2017,Labour Party,0.3609,0.349021558,0.300929594,0.393154647
275,New Lynn,2017,Mana,0.011,0.000752913,0.000125922,0.004312428
276,New Lynn,2017,Maori Party,0.0036,0.003372248,0.001847345,0.011128895
277,New Lynn,2017,National Party,0.3923,0.368648614,0.324642711,0.4128035
278,New Lynn,2017,New Zealand First Party,0.0718,0.123642862,0.071075777,0.194228109
279,New Lynn,2017,United Future,0.0017,0.002466164,0.000562356,0.0103891
280,New Plymouth,2017,ACT,0.0046,0.00281467,0.000780409,0.009672559
281,New Plymouth,2017,Conservative Party,0.032,0.000475839,7.90E-05,0.002683179
282,New Plymouth,2017,Green Party,0.08,0.096466522,0.081136704,0.11434845
283,New Plymouth,2017,Labour Party,0.2116,0.20374538,0.171944568,0.238912064
284,New Plymouth,2017,Mana,0.007,0.000479127,8.01E-05,0.002744272
285,New Plymouth,2017,Maori Party,0.0053,0.004964698,0.002719703,0.01132783
286,New Plymouth,2017,National Party,0.5584,0.534748614,0.490742711,0.57326883
287,New Plymouth,2017,New Zealand First Party,0.0904,0.132040694,0.089488164,0.192104016
288,New Plymouth,2017,United Future,0.0018,0.00242655,0.000595435,0.008763869
289,North Shore,2017,ACT,0.0142,0.008688764,0.002409089,0.019626044
290,North Shore,2017,Conservative Party,0.0434,0.000645357,0.000107145,0.003639061
291,North Shore,2017,Green Party,0.1069,0.125793314,0.108239143,0.145480623
292,North Shore,2017,Labour Party,0.1421,0.136825229,0.115469391,0.17500252
293,North Shore,2017,Mana,0.0065,0.000444904,7.44E-05,0.002548253
294,North Shore,2017,Maori Party,0.0045,0.004215309,0.002309181,0.011436517
295,North Shore,2017,National Party,0.6171,0.593448614,0.549442711,0.634276129
296,North Shore,2017,New Zealand First Party,0.0583,0.106310739,0.057711947,0.168183823
297,North Shore,2017,United Future,0.0025,0.003222751,0.000826994,0.010455306
298,Northcote,2017,ACT,0.0162,0.009912534,0.002748397,0.022103723
299,Northcote,2017,Conservative Party,0.0431,0.000640896,0.000106404,0.003613906
300,Northcote,2017,Green Party,0.1161,0.136695429,0.117487755,0.158268628
301,Northcote,2017,Labour Party,0.2211,0.212892739,0.179664197,0.255283996
302,Northcote,2017,Mana,0.0095,0.000650243,0.000108752,0.00372437
303,Northcote,2017,Maori Party,0.0046,0.004308983,0.002360497,0.012176242
304,Northcote,2017,National Party,0.5071,0.483448614,0.439442711,0.526633994
305,Northcote,2017,New Zealand First Party,0.0732,0.125402999,0.072461655,0.192220817
306,Northcote,2017,United Future,0.0034,0.004172476,0.001124711,0.012031142
307,Northland,2017,ACT,0.0046,0.00281467,0.000780409,0.012060801
308,Northland,2017,Conservative Party,0.0631,0.000938296,0.000155779,0.005290893
309,Northland,2017,Green Party,0.1084,0.133171484,0.110055283,0.159093598
310,Northland,2017,Labour Party,0.1663,0.160126922,0.13513413,0.208780959
311,Northland,2017,Mana,0.0169,0.001156748,0.000193463,0.006625458
312,Northland,2017,Maori Party,0.0059,0.005526739,0.003027594,0.015250475
313,Northland,2017,National Party,0.4897,0.466048614,0.422042711,0.513331397
314,Northland,2017,New Zealand First Party,0.1279,0.191445986,0.126609913,0.26109988
315,Northland,2017,United Future,0.002,0.00294916,0.000661595,0.012461779
316,Ohariu,2017,ACT,0.0067,0.004099628,0.001136682,0.011759611
317,Ohariu,2017,Conservative Party,0.03,0.0004461,7.41E-05,0.00251548
318,Ohariu,2017,Green Party,0.1507,0.167290543,0.151823413,0.185176507
319,Ohariu,2017,Labour Party,0.235,0.226276769,0.190959232,0.262028676
320,Ohariu,2017,Mana,0.0069,0.000472282,7.90E-05,0.002705068
321,Ohariu,2017,Maori Party,0.0058,0.005433065,0.002976278,0.011877846
322,Ohariu,2017,National Party,0.504,0.480348614,0.436342711,0.519313156
323,Ohariu,2017,New Zealand First Party,0.0477,0.090007271,0.047218866,0.151808144
324,Ohariu,2017,United Future,0.0073,0.007926265,0.002414821,0.014231155
325,Otaki,2017,ACT,0.0029,0.001774466,0.000491997,0.008863648
326,Otaki,2017,Conservative Party,0.0441,0.000655766,0.000108872,0.003697756
327,Otaki,2017,Green Party,0.0946,0.113906883,0.095948982,0.13457331
328,Otaki,2017,Labour Party,0.2484,0.239179359,0.201847971,0.279795251
329,Otaki,2017,Mana,0.0065,0.000444904,7.44E-05,0.002548253
330,Otaki,2017,Maori Party,0.0044,0.004121636,0.002257867,0.011497222
331,Otaki,2017,National Party,0.4908,0.467148614,0.423142711,0.509336865
332,Otaki,2017,New Zealand First Party,0.0996,0.148740746,0.098595367,0.213537848
333,Otaki,2017,United Future,0.0019,0.002630285,0.000628515,0.010072383
334,Pakuranga,2017,ACT,0.0296,0.01811179,0.005021761,0.035943092
335,Pakuranga,2017,Conservative Party,0.0559,0.000831232,0.000138004,0.004687178
336,Pakuranga,2017,Green Party,0.0635,0.086457029,0.065062366,0.110496877
337,Pakuranga,2017,Labour Party,0.1596,0.153675627,0.12968976,0.198645749
338,Pakuranga,2017,Mana,0.0062,0.000424369,7.10E-05,0.002430641
339,Pakuranga,2017,Maori Party,0.0031,0.00290388,0.00159077,0.011802891
340,Pakuranga,2017,National Party,0.6041,0.580448614,0.536442711,0.626236282
341,Pakuranga,2017,New Zealand First Party,0.0711,0.12988635,0.070382837,0.198562251
342,Pakuranga,2017,United Future,0.0023,0.003181045,0.000760834,0.012011343
343,Palmerston North,2017,ACT,0.0051,0.003120613,0.000865236,0.011619233
344,Palmerston North,2017,Conservative Party,0.0451,0.000670636,0.000111341,0.003781605
345,Palmerston North,2017,Green Party,0.0987,0.119744598,0.100142396,0.14252111
346,Palmerston North,2017,Labour Party,0.3097,0.298203895,0.251659891,0.342905087
347,Palmerston North,2017,Mana,0.0096,0.000657088,0.000109895,0.003763574
348,Palmerston North,2017,Maori Party,0.0048,0.00449633,0.002463127,0.01255889
349,Palmerston North,2017,National Party,0.4321,0.408448614,0.364442711,0.45309211
350,Palmerston North,2017,New Zealand First Party,0.0866,0.139837904,0.085726493,0.210195049
351,Palmerston North,2017,United Future,0.0023,0.003092543,0.000760834,0.011196358
352,Papakura,2017,ACT,0.0063,0.003854874,0.001068821,0.012192181
353,Papakura,2017,Conservative Party,0.0414,0.000615617,0.000102207,0.003471362
354,Papakura,2017,Green Party,0.0521,0.071582596,0.053442981,0.092743273
355,Papakura,2017,Labour Party,0.2593,0.24967475,0.210705229,0.290990235
356,Papakura,2017,Mana,0.008,0.000547573,9.16E-05,0.003136311
357,Papakura,2017,Maori Party,0.005,0.004683677,0.002565757,0.012179255
358,Papakura,2017,National Party,0.5128,0.489148614,0.445142711,0.531407774
359,Papakura,2017,New Zealand First Party,0.1081,0.157612593,0.10700963,0.222257047
360,Papakura,2017,United Future,0.0017,0.002428932,0.000562356,0.009914292
361,Port Hills,2017,ACT,0.0044,0.002692293,0.000746478,0.009529711
362,Port Hills,2017,Conservative Party,0.0311,0.000462456,7.68E-05,0.002607714
363,Port Hills,2017,Green Party,0.1709,0.187519916,0.172027297,0.2055464
364,Port Hills,2017,Labour Party,0.2387,0.229839424,0.193965824,0.265636972
365,Port Hills,2017,Mana,0.0075,0.00051335,8.59E-05,0.002940292
366,Port Hills,2017,Maori Party,0.004,0.003746942,0.002052606,0.010105851
367,Port Hills,2017,National Party,0.4696,0.445948614,0.401942711,0.48503087
368,Port Hills,2017,New Zealand First Party,0.0662,0.108344064,0.065532261,0.16973726
369,Port Hills,2017,United Future,0.002,0.002631708,0.000661595,0.009011681
370,Rangitata,2017,ACT,0.0046,0.00281467,0.000780409,0.010189936
371,Rangitata,2017,Conservative Party,0.0437,0.000649818,0.000107886,0.003664216
372,Rangitata,2017,Green Party,0.075,0.093571462,0.076296924,0.113192717
373,Rangitata,2017,Labour Party,0.2228,0.214529635,0.181045605,0.253362811
374,Rangitata,2017,Mana,0.0039,0.000266942,4.47E-05,0.001528952
375,Rangitata,2017,Maori Party,0.0026,0.002435512,0.001334194,0.009433244
376,Rangitata,2017,National Party,0.5555,0.531848614,0.487842711,0.57262101
377,Rangitata,2017,New Zealand First Party,0.0787,0.125760351,0.077906179,0.188550496
378,Rangitata,2017,United Future,0.0031,0.00380255,0.001025472,0.010869106
379,Rangitikei,2017,ACT,0.0038,0.002325162,0.000644686,0.010639379
380,Rangitikei,2017,Conservative Party,0.061,0.000907069,0.000150595,0.005114809
381,Rangitikei,2017,Green Party,0.0781,0.100502151,0.079595726,0.123826734
382,Rangitikei,2017,Labour Party,0.1849,0.178036488,0.150248349,0.222849494
383,Rangitikei,2017,Mana,0.006,0.00041068,6.87E-05,0.002352233
384,Rangitikei,2017,Maori Party,0.0056,0.005245719,0.002873648,0.013928231
385,Rangitikei,2017,National Party,0.5364,0.512748614,0.468742711,0.557616262
386,Rangitikei,2017,New Zealand First Party,0.1129,0.169734334,0.111761213,0.236520193
387,Rangitikei,2017,United Future,0.0022,0.00304585,0.000727754,0.011607871
388,Rimutaka,2017,ACT,0.0034,0.002080409,0.000576824,0.009522081
389,Rimutaka,2017,Conservative Party,0.0403,0.00059926,0.000099485,0.003379129
390,Rimutaka,2017,Green Party,0.0852,0.104957769,0.086550201,0.126923817
391,Rimutaka,2017,Labour Party,0.3288,0.316921558,0.268829594,0.359793889
392,Rimutaka,2017,Mana,0.0087,0.000595486,9.96E-05,0.003410739
393,Rimutaka,2017,Maori Party,0.004,0.003746942,0.002052606,0.011262493
394,Rimutaka,2017,National Party,0.4145,0.390848614,0.346842711,0.434435429
395,Rimutaka,2017,New Zealand First Party,0.1028,0.152873182,0.10176309,0.222275091
396,Rimutaka,2017,United Future,0.0033,0.004047677,0.001091631,0.011724765
397,Rodney,2017,ACT,0.0049,0.002998235,0.000831305,0.011869888
398,Rodney,2017,Conservative Party,0.0677,0.001006697,0.000167136,0.0056766
399,Rodney,2017,Green Party,0.0852,0.10825097,0.086770729,0.132102171
400,Rodney,2017,Labour Party,0.1233,0.118723088,0.100192653,0.163593325
401,Rodney,2017,Mana,0.0059,0.000403835,6.76E-05,0.00231303
402,Rodney,2017,Maori Party,0.0036,0.003372248,0.001847345,0.012327569
403,Rodney,2017,National Party,0.6116,0.587948614,0.543942711,0.633211739
404,Rodney,2017,New Zealand First Party,0.0909,0.149537933,0.089983121,0.216041399
405,Rodney,2017,United Future,0.0021,0.002989151,0.000694675,0.011804899
406,Rongotai,2017,ACT,0.0031,0.001896843,0.000525927,0.007827569
407,Rongotai,2017,Conservative Party,0.0162,0.000240894,4.00E-05,0.00135836
408,Rongotai,2017,Green Party,0.2642,0.279524041,0.265215806,0.297748582
409,Rongotai,2017,Labour Party,0.3052,0.293870936,0.248003225,0.329140038
410,Rongotai,2017,Mana,0.0147,0.001006166,0.000168278,0.005762973
411,Rongotai,2017,Maori Party,0.0062,0.005807759,0.003181539,0.011965923
412,Rongotai,2017,National Party,0.3273,0.303648614,0.259642711,0.341889387
413,Rongotai,2017,New Zealand First Party,0.0544,0.093526325,0.053851284,0.158005281
414,Rongotai,2017,United Future,0.0037,0.004271444,0.00122395,0.010337656
415,Rotorua,2017,ACT,0.0042,0.002569916,0.000712548,0.009865889
416,Rotorua,2017,Conservative Party,0.0401,0.000596286,9.90E-05,0.003362358
417,Rotorua,2017,Green Party,0.0675,0.086239403,0.068795214,0.106263808
418,Rotorua,2017,Labour Party,0.2117,0.203841668,0.172025828,0.242987215
419,Rotorua,2017,Mana,0.008,0.000547573,9.16E-05,0.003136311
420,Rotorua,2017,Maori Party,0.0143,0.013395316,0.007338066,0.021110892
421,Rotorua,2017,National Party,0.5205,0.496848614,0.452842711,0.53818693
422,Rotorua,2017,New Zealand First Party,0.122,0.169592795,0.120769425,0.232686457
423,Rotorua,2017,United Future,0.0021,0.002811997,0.000694675,0.009960792
424,Selwyn,2017,ACT,0.0039,0.002386351,0.000661651,0.008590834
425,Selwyn,2017,Conservative Party,0.0349,0.000518963,8.62E-05,0.002926342
426,Selwyn,2017,Green Party,0.109,0.124610726,0.110113267,0.141550696
427,Selwyn,2017,Labour Party,0.1297,0.124885519,0.105393244,0.157189237
428,Selwyn,2017,Mana,0.0051,0.000349078,5.84E-05,0.001999399
429,Selwyn,2017,Maori Party,0.0031,0.00290388,0.00159077,0.008840871
430,Selwyn,2017,National Party,0.6358,0.612148614,0.568142711,0.648928575
431,Selwyn,2017,New Zealand First Party,0.0695,0.10879737,0.068798976,0.165978805
432,Selwyn,2017,United Future,0.0024,0.002994269,0.000793914,0.009099808
433,Tamaki,2017,ACT,0.0137,0.008382822,0.002324261,0.01839255
434,Tamaki,2017,Conservative Party,0.0306,0.000455022,7.56E-05,0.002565789
435,Tamaki,2017,Green Party,0.0881,0.104274877,0.089258102,0.121470223
436,Tamaki,2017,Labour Party,0.1481,0.142602509,0.120344946,0.175895921
437,Tamaki,2017,Mana,0.0072,0.000492816,8.24E-05,0.00282268
438,Tamaki,2017,Maori Party,0.0048,0.00449633,0.002463127,0.010728868
439,Tamaki,2017,National Party,0.657,0.633348614,0.589342711,0.671051018
440,Tamaki,2017,New Zealand First Party,0.0442,0.085267993,0.043754169,0.143641479
441,Tamaki,2017,United Future,0.0019,0.002513671,0.000628515,0.008720446
442,Taranaki-King Country,2017,ACT,0.0036,0.002202785,0.000610755,0.009848932
443,Taranaki-King Country,2017,Conservative Party,0.0568,0.000844615,0.000140226,0.004762642
444,Taranaki-King Country,2017,Green Party,0.0721,0.092768535,0.073534558,0.11436232
445,Taranaki-King Country,2017,Labour Party,0.1335,0.128544462,0.108481096,0.169533322
446,Taranaki-King Country,2017,Mana,0.0057,0.000390146,6.53E-05,0.002234622
447,Taranaki-King Country,2017,Maori Party,0.0055,0.005152045,0.002822333,0.013214723
448,Taranaki-King Country,2017,National Party,0.6146,0.590948614,0.546942711,0.633540877
449,Taranaki-King Country,2017,New Zealand First Party,0.0948,0.147531682,0.093843782,0.210581983
450,Taranaki-King Country,2017,United Future,0.0025,0.003297918,0.000826994,0.011182946
451,Taupo,2017,ACT,0.0025,0.001529712,0.000424135,0.008377036
452,Taupo,2017,Conservative Party,0.0477,0.000709298,0.00011776,0.003999613
453,Taupo,2017,Green Party,0.0614,0.080681699,0.062711648,0.100835131
454,Taupo,2017,Labour Party,0.1863,0.17938452,0.151385979,0.218907086
455,Taupo,2017,Mana,0.0052,0.000355922,5.95E-05,0.002038602
456,Taupo,2017,Maori Party,0.0082,0.007681231,0.004207842,0.015272305
457,Taupo,2017,National Party,0.5713,0.547648614,0.503642711,0.589095216
458,Taupo,2017,New Zealand First Party,0.1029,0.151840654,0.10186208,0.214487765
459,Taupo,2017,United Future,0.0026,0.003331769,0.000860074,0.010701971
460,Tauranga,2017,ACT,0.0036,0.002202785,0.000610755,0.009995783
461,Tauranga,2017,Conservative Party,0.0578,0.000859485,0.000142695,0.004846491
462,Tauranga,2017,Green Party,0.0712,0.092115448,0.072637886,0.114064226
463,Tauranga,2017,Labour Party,0.1443,0.138943565,0.117257095,0.180649341
464,Tauranga,2017,Mana,0.0048,0.000328544,5.50E-05,0.001881787
465,Tauranga,2017,Maori Party,0.006,0.005620412,0.003078909,0.01388804
466,Tauranga,2017,National Party,0.5581,0.534448614,0.490442711,0.577347272
467,Tauranga,2017,New Zealand First Party,0.145,0.198302192,0.143537431,0.261775869
468,Tauranga,2017,United Future,0.0025,0.003304577,0.000826994,0.011334703
469,Te Atatu,2017,ACT,0.0136,0.008321633,0.002307296,0.019698476
470,Te Atatu,2017,Conservative Party,0.0375,0.000557624,9.26E-05,0.00314435
471,Te Atatu,2017,Green Party,0.0811,0.101616136,0.08245169,0.124321342
472,Te Atatu,2017,Labour Party,0.3504,0.338521558,0.290429594,0.382581985
473,Te Atatu,2017,Mana,0.0115,0.000787136,0.000131646,0.004508448
474,Te Atatu,2017,Maori Party,0.0043,0.004027962,0.002206551,0.011831244
475,Te Atatu,2017,National Party,0.4112,0.387548614,0.343542711,0.431821943
476,Te Atatu,2017,New Zealand First Party,0.0841,0.136130966,0.08325171,0.206710603
477,Te Atatu,2017,United Future,0.0016,0.00237254,0.000529276,0.01032222
478,Tukituki,2017,ACT,0.004,0.002447539,0.000678616,0.011369894
479,Tukituki,2017,Conservative Party,0.0656,0.000975471,0.000161951,0.005500516
480,Tukituki,2017,Green Party,0.0857,0.109662194,0.087267343,0.13419782
481,Tukituki,2017,Labour Party,0.2284,0.219921762,0.185596122,0.267701724
482,Tukituki,2017,Mana,0.0068,0.000465437,7.79E-05,0.002665864
483,Tukituki,2017,Maori Party,0.0052,0.004871024,0.002668388,0.014074353
484,Tukituki,2017,National Party,0.52,0.496348614,0.452342711,0.543035817
485,Tukituki,2017,New Zealand First Party,0.076,0.137434304,0.075233412,0.207669467
486,Tukituki,2017,United Future,0.0016,0.002503304,0.000529276,0.011710039
487,Upper Harbour,2017,ACT,0.0135,0.008260445,0.00229033,0.019245274
488,Upper Harbour,2017,Conservative Party,0.0485,0.000721194,0.000119736,0.004066693
489,Upper Harbour,2017,Green Party,0.07,0.089941118,0.071421072,0.110766771
490,Upper Harbour,2017,Labour Party,0.2345,0.230260881,0.213098061,0.270001307
491,Upper Harbour,2017,Mana,0.0086,0.000588641,9.85E-05,0.003371534
492,Upper Harbour,2017,Maori Party,0.0036,0.003372248,0.001847345,0.011073201
493,Upper Harbour,2017,National Party,0.5446,0.520948614,0.476942711,0.56296692
494,Upper Harbour,2017,New Zealand First Party,0.0695,0.120109934,0.068798976,0.182710053
495,Upper Harbour,2017,United Future,0.0021,0.002872579,0.000694675,0.010562547
496,Waikato,2017,ACT,0.0053,0.00324299,0.000899167,0.011598263
497,Waikato,2017,Conservative Party,0.0572,0.000850563,0.000141214,0.004796182
498,Waikato,2017,Green Party,0.0578,0.078764402,0.059242555,0.100547551
499,Waikato,2017,Labour Party,0.1478,0.142313645,0.120101169,0.183944995
500,Waikato,2017,Mana,0.005,0.000342233,5.72E-05,0.001960195
501,Waikato,2017,Maori Party,0.0055,0.005152045,0.002822333,0.013339515
502,Waikato,2017,National Party,0.6021,0.578448614,0.534442711,0.62165111
503,Waikato,2017,New Zealand First Party,0.1079,0.161345467,0.106811647,0.225200838
504,Waikato,2017,United Future,0.0022,0.003000856,0.000727754,0.011040388
505,Waimakariri,2017,ACT,0.0022,0.001346147,0.000373239,0.007664687
506,Waimakariri,2017,Conservative Party,0.0433,0.00064387,0.000106898,0.003630676
507,Waimakariri,2017,Green Party,0.0887,0.106507077,0.089950297,0.125337877
508,Waimakariri,2017,Labour Party,0.1896,0.182562023,0.154067534,0.219532357
509,Waimakariri,2017,Mana,0.0039,0.000266942,4.47E-05,0.001528952
510,Waimakariri,2017,Maori Party,0.0026,0.002435512,0.001334194,0.0091272
511,Waimakariri,2017,National Party,0.5751,0.551448614,0.507442711,0.5912855
512,Waimakariri,2017,New Zealand First Party,0.0847,0.129956128,0.083845658,0.191150058
513,Waimakariri,2017,United Future,0.0018,0.002476133,0.000595435,0.009318516
514,Wairarapa,2017,ACT,0.0033,0.00201922,0.000559859,0.008902077
515,Wairarapa,2017,Conservative Party,0.0434,0.000645357,0.000107145,0.003639061
516,Wairarapa,2017,Green Party,0.0838,0.102193846,0.085086711,0.121789893
517,Wairarapa,2017,Labour Party,0.2062,0.198545829,0.167556569,0.236779626
518,Wairarapa,2017,Mana,0.0044,0.000301166,5.04E-05,0.001724971
519,Wairarapa,2017,Maori Party,0.0056,0.005245719,0.002873648,0.012327858
520,Wairarapa,2017,National Party,0.5248,0.501148614,0.457142711,0.541691515
521,Wairarapa,2017,New Zealand First Party,0.1174,0.163982963,0.116215824,0.226447837
522,Wairarapa,2017,United Future,0.0016,0.002294819,0.000529276,0.009311625
523,Waitaki,2017,ACT,0.0027,0.001652089,0.000458066,0.008181028
524,Waitaki,2017,Conservative Party,0.0439,0.000652792,0.000108379,0.003680986
525,Waitaki,2017,Green Party,0.1106,0.128517064,0.11185596,0.147102047
526,Waitaki,2017,Labour Party,0.1807,0.173992392,0.146835461,0.210954839
527,Waitaki,2017,Mana,0.004,0.000273787,4.58E-05,0.001568156
528,Waitaki,2017,Maori Party,0.0026,0.002435512,0.001334194,0.009184683
529,Waitaki,2017,National Party,0.5716,0.547948614,0.503942711,0.587732853
530,Waitaki,2017,New Zealand First Party,0.0697,0.11518387,0.068996958,0.176379194
531,Waitaki,2017,United Future,0.0024,0.003083608,0.000793914,0.00995036
532,Wellington Central,2017,ACT,0.007,0.004283194,0.001187579,0.011486867
533,Wellington Central,2017,Conservative Party,0.0151,0.000224537,3.73E-05,0.001266125
534,Wellington Central,2017,Green Party,0.2958,0.310501118,0.296793982,0.32718685
535,Wellington Central,2017,Labour Party,0.2384,0.22955056,0.193722047,0.262403805
536,Wellington Central,2017,Mana,0.0148,0.00101301,0.000169423,0.005802176
537,Wellington Central,2017,Maori Party,0.0077,0.007212863,0.003951266,0.013115305
538,Wellington Central,2017,National Party,0.3764,0.352748614,0.308742711,0.389591329
539,Wellington Central,2017,New Zealand First Party,0.0358,0.073279229,0.035438897,0.133553145
540,Wellington Central,2017,United Future,0.003,0.003555227,0.000992392,0.009364743
541,West Coast-Tasman,2017,ACT,0.0026,0.001590901,0.000441101,0.008968119
542,West Coast-Tasman,2017,Conservative Party,0.0512,0.000761343,0.000126401,0.004293086
543,West Coast-Tasman,2017,Green Party,0.1299,0.150847276,0.131306909,0.172788859
544,West Coast-Tasman,2017,Labour Party,0.2353,0.226565633,0.191203011,0.26943578
545,West Coast-Tasman,2017,Mana,0.0076,0.000520195,8.70E-05,0.002979495
546,West Coast-Tasman,2017,Maori Party,0.0028,0.002622859,0.001436824,0.010508671
547,West Coast-Tasman,2017,National Party,0.4478,0.424148614,0.380142711,0.467803473
548,West Coast-Tasman,2017,New Zealand First Party,0.0871,0.14023376,0.08622145,0.206920655
549,West Coast-Tasman,2017,United Future,0.002,0.002791236,0.000661595,0.010776241
550,Whanganui,2017,ACT,0.0047,0.002875859,0.000797374,0.011145479
551,Whanganui,2017,Conservative Party,0.0502,0.000746473,0.000123932,0.004209236
552,Whanganui,2017,Green Party,0.0721,0.093429006,0.073522618,0.115761874
553,Whanganui,2017,Labour Party,0.2553,0.24582323,0.20745486,0.289662217
554,Whanganui,2017,Mana,0.0073,0.00049966,8.36E-05,0.002861884
555,Whanganui,2017,Maori Party,0.0058,0.005433065,0.002976278,0.013610823
556,Whanganui,2017,National Party,0.4728,0.449148614,0.405142711,0.49327259
557,Whanganui,2017,New Zealand First Party,0.1196,0.173415983,0.118393633,0.240572482
558,Whanganui,2017,United Future,0.0021,0.002902259,0.000694675,0.010967988
559,Whangarei,2017,ACT,0.0056,0.003426555,0.000950063,0.012092583
560,Whangarei,2017,Conservative Party,0.0523,0.0007777,0.000129116,0.00438532
561,Whangarei,2017,Green Party,0.098,0.119447987,0.099446158,0.141850096
562,Whangarei,2017,Labour Party,0.1785,0.171874057,0.145047757,0.215000067
563,Whangarei,2017,Mana,0.0105,0.00071869,0.000120198,0.004116409
564,Whangarei,2017,Maori Party,0.0053,0.004964698,0.002719703,0.013279701
565,Whangarei,2017,National Party,0.5024,0.478748614,0.434742711,0.522480746
566,Whangarei,2017,New Zealand First Party,0.134,0.188391396,0.132648385,0.253686772
567,Whangarei,2017,United Future,0.0025,0.00331418,0.000826994,0.011521329
568,Wigram,2017,ACT,0.0104,0.006363602,0.001764403,0.016101411
569,Wigram,2017,Conservative Party,0.0361,0.000536806,8.91E-05,0.003026961
570,Wigram,2017,Green Party,0.1282,0.147136652,0.129466278,0.16778441
571,Wigram,2017,Labour Party,0.2867,0.276057658,0.232970264,0.316695591
572,Wigram,2017,Mana,0.0076,0.000520195,8.70E-05,0.002979495
573,Wigram,2017,Maori Party,0.0047,0.004402657,0.002411812,0.011632424
574,Wigram,2017,National Party,0.4291,0.405448614,0.361442711,0.447449803
575,Wigram,2017,New Zealand First Party,0.0856,0.133532096,0.08473658,0.200218678
576,Wigram,2017,United Future,0.0028,0.003505024,0.000926233,0.01080563
